timestamp,batch_guid,database,model,total_requests,mean_latency_ms,test_duration_config,energy_j,mean_power_w,mean_cpu_percent,mean_memory_gb
20251021-112325,A088A665-B39C-4E5B-877C-3AF8EF2A5589,credit_card_transactions,catboost,15000,113.378252,27.82,1377.479858,49.518615,68.341842,20.459337
20251021-112359,A088A665-B39C-4E5B-877C-3AF8EF2A5589,credit_card_transactions,catboost,15000,113.842678,28.02,1354.148804,48.334796,65.915283,20.452625
20251021-112432,A088A665-B39C-4E5B-877C-3AF8EF2A5589,credit_card_transactions,catboost,15000,112.553615,27.81,1372.953796,49.365582,68.080149,20.460095
20251021-112506,A088A665-B39C-4E5B-877C-3AF8EF2A5589,credit_card_transactions,catboost,15000,113.339816,27.82,1352.162292,48.60885,66.397538,20.453285
20251021-112539,A088A665-B39C-4E5B-877C-3AF8EF2A5589,credit_card_transactions,catboost,15000,113.118541,27.81,1380.272705,49.629212,67.913241,20.456418
20251021-112613,A088A665-B39C-4E5B-877C-3AF8EF2A5589,credit_card_transactions,catboost,15000,118.65499,28.61,1366.196655,47.747367,64.275533,20.453076
20251021-112647,A088A665-B39C-4E5B-877C-3AF8EF2A5589,credit_card_transactions,catboost,15000,114.237781,28.01,1387.075317,49.517683,67.504918,20.460237
20251021-112721,A088A665-B39C-4E5B-877C-3AF8EF2A5589,credit_card_transactions,catboost,15000,115.174784,31.22,1402.334412,44.923425,59.213651,20.455034
20251021-112757,A088A665-B39C-4E5B-877C-3AF8EF2A5589,credit_card_transactions,catboost,15000,114.534181,31.21,1453.21759,46.555685,60.87403,20.469277
20251021-112834,A088A665-B39C-4E5B-877C-3AF8EF2A5589,credit_card_transactions,catboost,15000,114.338841,28.01,1359.070007,48.516983,65.995132,20.45532
20251021-112908,A088A665-B39C-4E5B-877C-3AF8EF2A5589,credit_card_transactions,catboost,15000,115.952796,28.22,1385.352478,49.09616,66.820504,20.472515
20251021-112942,A088A665-B39C-4E5B-877C-3AF8EF2A5589,credit_card_transactions,catboost,15000,113.190664,28.01,1355.794006,48.399784,65.960054,20.457471
20251021-113016,A088A665-B39C-4E5B-877C-3AF8EF2A5589,credit_card_transactions,catboost,15000,115.77347,28.42,1398.893127,49.226008,67.013353,20.476408
20251021-113050,A088A665-B39C-4E5B-877C-3AF8EF2A5589,credit_card_transactions,catboost,15000,114.337609,28.01,1357.155029,48.448419,66.314246,20.457744
20251021-113123,A088A665-B39C-4E5B-877C-3AF8EF2A5589,credit_card_transactions,catboost,15000,114.011668,27.81,1374.476074,49.419899,67.315119,20.474115
20251021-113157,A088A665-B39C-4E5B-877C-3AF8EF2A5589,credit_card_transactions,catboost,15000,113.68636,28.01,1353.065979,48.301987,65.892482,20.455519
20251021-113230,A088A665-B39C-4E5B-877C-3AF8EF2A5589,credit_card_transactions,catboost,15000,114.628096,28.21,1389.412415,49.249001,66.866741,20.470293
20251021-113304,A088A665-B39C-4E5B-877C-3AF8EF2A5589,credit_card_transactions,catboost,15000,113.923589,28.01,1353.092163,48.303473,65.187472,20.4601
20251021-113338,A088A665-B39C-4E5B-877C-3AF8EF2A5589,credit_card_transactions,catboost,15000,115.868202,28.42,1391.706848,48.972751,66.454644,20.472943
20251021-113412,A088A665-B39C-4E5B-877C-3AF8EF2A5589,credit_card_transactions,catboost,15000,114.825622,28.21,1358.013184,48.134409,65.831736,20.460155
20251021-113446,A088A665-B39C-4E5B-877C-3AF8EF2A5589,credit_card_transactions,catboost,15000,113.234101,27.81,1373.42334,49.379557,67.074152,20.472204
20251021-113519,A088A665-B39C-4E5B-877C-3AF8EF2A5589,credit_card_transactions,catboost,15000,115.704586,28.21,1362.75238,48.30341,65.637871,20.460515
20251021-113553,A088A665-B39C-4E5B-877C-3AF8EF2A5589,credit_card_transactions,catboost,15000,114.819399,31.21,1469.669312,47.083241,60.888822,20.471078
20251021-113630,A088A665-B39C-4E5B-877C-3AF8EF2A5589,credit_card_transactions,catboost,15000,114.471369,28.02,1357.114868,48.434564,66.248267,20.462543
20251021-113704,A088A665-B39C-4E5B-877C-3AF8EF2A5589,credit_card_transactions,catboost,15000,114.648026,28.01,1381.038574,49.299708,66.396347,20.480678
20251021-113737,A088A665-B39C-4E5B-877C-3AF8EF2A5589,credit_card_transactions,catboost,15000,113.55863,27.81,1349.918396,48.537154,66.813146,20.463872
20251021-113811,A088A665-B39C-4E5B-877C-3AF8EF2A5589,credit_card_transactions,catboost,15000,115.032804,28.22,1388.457764,49.201305,66.715711,20.475584
20251021-113845,A088A665-B39C-4E5B-877C-3AF8EF2A5589,credit_card_transactions,catboost,15000,116.046593,28.22,1360.380127,48.206356,65.653971,20.461198
20251021-113918,A088A665-B39C-4E5B-877C-3AF8EF2A5589,credit_card_transactions,catboost,15000,115.075698,28.22,1388.751709,49.217508,67.023424,20.477903
20251021-113952,A088A665-B39C-4E5B-877C-3AF8EF2A5589,credit_card_transactions,catboost,15000,113.705305,27.82,1348.184814,48.465433,66.194677,20.466239
20251021-114443,5AE68C4E-E177-431C-8B4C-4DD002D2E025,diabetic,catboost,15000,128.217769,34.41,1495.859619,43.465427,52.853773,20.453858
20251021-114523,5AE68C4E-E177-431C-8B4C-4DD002D2E025,diabetic,catboost,15000,128.397818,34.22,1478.20752,43.200049,55.063358,20.456328
20251021-114603,5AE68C4E-E177-431C-8B4C-4DD002D2E025,diabetic,catboost,15000,128.937719,34.42,1491.812927,43.34672,55.429251,20.472148
20251021-114643,5AE68C4E-E177-431C-8B4C-4DD002D2E025,diabetic,catboost,15000,127.878737,34.21,1475.611084,43.12762,54.148555,20.457038
20251021-114723,5AE68C4E-E177-431C-8B4C-4DD002D2E025,diabetic,catboost,15000,130.955204,34.62,1539.466614,44.473888,55.026536,20.482105
20251021-114803,5AE68C4E-E177-431C-8B4C-4DD002D2E025,diabetic,catboost,15000,125.359605,33.81,1447.913086,42.818781,49.013759,20.438338
20251021-114843,5AE68C4E-E177-431C-8B4C-4DD002D2E025,diabetic,catboost,15000,127.545406,34.02,1505.81665,44.269046,54.350925,20.471339
20251021-114922,5AE68C4E-E177-431C-8B4C-4DD002D2E025,diabetic,catboost,15000,131.359436,34.62,1516.307678,43.803736,55.474721,20.47647
20251021-115003,5AE68C4E-E177-431C-8B4C-4DD002D2E025,diabetic,catboost,15000,126.483231,34.01,1471.808167,43.270018,51.927851,20.46111
20251021-115042,5AE68C4E-E177-431C-8B4C-4DD002D2E025,diabetic,catboost,15000,130.043417,34.61,1500.875732,43.359623,54.248779,20.477925
20251021-115122,5AE68C4E-E177-431C-8B4C-4DD002D2E025,diabetic,catboost,15000,126.67317,34.01,1463.85968,43.036807,53.212833,20.443256
20251021-115202,5AE68C4E-E177-431C-8B4C-4DD002D2E025,diabetic,catboost,15000,130.958074,34.62,1546.347351,44.672362,58.042353,20.499808
20251021-115242,5AE68C4E-E177-431C-8B4C-4DD002D2E025,diabetic,catboost,15000,134.887908,35.41,1524.532898,43.047678,54.873426,20.472118
20251021-115323,5AE68C4E-E177-431C-8B4C-4DD002D2E025,diabetic,catboost,15000,132.977652,35.02,1492.294922,42.618355,53.714692,20.463373
20251021-115404,5AE68C4E-E177-431C-8B4C-4DD002D2E025,diabetic,catboost,15000,132.175503,35.02,1501.944763,42.893288,53.949691,20.477894
20251021-115445,5AE68C4E-E177-431C-8B4C-4DD002D2E025,diabetic,catboost,15000,126.08497,33.81,1450.81012,42.904907,52.282571,20.444193
20251021-115524,5AE68C4E-E177-431C-8B4C-4DD002D2E025,diabetic,catboost,15000,131.752145,34.82,1527.432373,43.872302,55.560825,20.497859
20251021-115605,5AE68C4E-E177-431C-8B4C-4DD002D2E025,diabetic,catboost,15000,125.689938,33.81,1491.309204,44.102924,54.484534,20.461103
20251021-115644,5AE68C4E-E177-431C-8B4C-4DD002D2E025,diabetic,catboost,15000,128.04274,34.21,1475.853516,43.134799,53.87683,20.466031
20251021-115724,5AE68C4E-E177-431C-8B4C-4DD002D2E025,diabetic,catboost,15000,132.324185,34.82,1498.429016,43.039354,53.674713,20.481376
20251021-115805,5AE68C4E-E177-431C-8B4C-4DD002D2E025,diabetic,catboost,15000,126.849114,33.81,1468.684265,43.434006,55.030716,20.454897
20251021-115844,5AE68C4E-E177-431C-8B4C-4DD002D2E025,diabetic,catboost,15000,132.723077,35.02,1526.903442,43.604332,55.822838,20.501818
20251021-115925,5AE68C4E-E177-431C-8B4C-4DD002D2E025,diabetic,catboost,15000,126.595419,34.02,1445.188599,42.485541,53.789549,20.448821
20251021-120004,5AE68C4E-E177-431C-8B4C-4DD002D2E025,diabetic,catboost,15000,129.086042,34.41,1504.376709,43.713532,54.212271,20.473751
20251021-120044,5AE68C4E-E177-431C-8B4C-4DD002D2E025,diabetic,catboost,15000,131.928999,34.82,1494.089294,42.913919,54.246055,20.484617
20251021-120125,5AE68C4E-E177-431C-8B4C-4DD002D2E025,diabetic,catboost,15000,126.388713,34.01,1491.351013,43.844837,52.628895,20.471215
20251021-120205,5AE68C4E-E177-431C-8B4C-4DD002D2E025,diabetic,catboost,15000,135.214519,35.42,1550.593689,43.782486,55.16222,20.500558
20251021-120246,5AE68C4E-E177-431C-8B4C-4DD002D2E025,diabetic,catboost,15000,125.063486,33.81,1440.197083,42.591452,51.646376,20.449125
20251021-120325,5AE68C4E-E177-431C-8B4C-4DD002D2E025,diabetic,catboost,15000,127.514131,34.01,1534.60968,45.116541,56.903032,20.494599
20251021-120405,5AE68C4E-E177-431C-8B4C-4DD002D2E025,diabetic,catboost,15000,129.738515,34.62,1522.744263,43.989703,55.252454,20.48499
20251021-120722,3202CE93-8A39-42A6-AB20-2A74921257FA,healthcare-dataset-stroke,catboost,15000,91.962144,28.81,1319.506348,45.795367,62.920953,20.454345
20251021-120756,3202CE93-8A39-42A6-AB20-2A74921257FA,healthcare-dataset-stroke,catboost,15000,95.339535,29.41,1392.047424,47.328167,64.480154,20.493561
20251021-120831,3202CE93-8A39-42A6-AB20-2A74921257FA,healthcare-dataset-stroke,catboost,15000,92.360408,28.81,1335.050781,46.33546,63.476169,20.459231
20251021-120906,3202CE93-8A39-42A6-AB20-2A74921257FA,healthcare-dataset-stroke,catboost,15000,95.317345,29.21,1368.083313,46.831684,64.279383,20.483017
20251021-120941,3202CE93-8A39-42A6-AB20-2A74921257FA,healthcare-dataset-stroke,catboost,15000,91.423299,28.61,1349.383606,47.16177,64.859531,20.472926
20251021-121015,3202CE93-8A39-42A6-AB20-2A74921257FA,healthcare-dataset-stroke,catboost,15000,95.634869,29.41,1366.289062,46.451877,63.104492,20.478942
20251021-121050,3202CE93-8A39-42A6-AB20-2A74921257FA,healthcare-dataset-stroke,catboost,15000,97.818235,29.61,1397.230347,47.18201,65.208766,20.494373
20251021-122402,1882B21F-18E4-4252-8961-EBC418B2EB93,healthcare-dataset-stroke,catboost,15000,90.705555,28.81,1316.097656,45.677439,62.508157,20.465806
20251021-122436,1882B21F-18E4-4252-8961-EBC418B2EB93,healthcare-dataset-stroke,catboost,15000,96.944119,29.62,1436.828491,48.515973,66.573811,20.525826
20251021-123002,3CB38DC3-8949-4E3F-AE83-1C314C8E1BD1,healthcare-dataset-stroke,catboost,15000,120.231413,28.61,1415.315552,49.462397,67.350398,20.537298
20251021-123507,16D5EAF4-E119-4252-9761-E497A35D097A,healthcare-dataset-stroke,catboost,15000,93.31034,29.01,1322.344238,45.576959,62.594267,20.475227
20251021-123542,16D5EAF4-E119-4252-9761-E497A35D097A,healthcare-dataset-stroke,catboost,15000,99.114528,29.81,1425.181152,47.803319,66.079766,20.54064
20251021-123618,16D5EAF4-E119-4252-9761-E497A35D097A,healthcare-dataset-stroke,catboost,15000,91.408388,28.81,1318.481628,45.760757,62.736035,20.475798
20251021-123652,16D5EAF4-E119-4252-9761-E497A35D097A,healthcare-dataset-stroke,catboost,15000,95.52014,29.22,1416.396057,48.479284,66.776642,20.54646
20251021-123727,16D5EAF4-E119-4252-9761-E497A35D097A,healthcare-dataset-stroke,catboost,15000,91.589808,30.21,1339.619324,44.337546,59.883323,20.475927
20251021-123803,16D5EAF4-E119-4252-9761-E497A35D097A,healthcare-dataset-stroke,catboost,15000,95.480835,29.21,1421.160095,48.649365,67.183238,20.533712
20251021-123838,16D5EAF4-E119-4252-9761-E497A35D097A,healthcare-dataset-stroke,catboost,15000,92.4296,29.01,1328.034912,45.773165,62.153687,20.478569
20251021-123913,16D5EAF4-E119-4252-9761-E497A35D097A,healthcare-dataset-stroke,catboost,15000,95.143546,29.21,1410.454346,48.282655,64.518558,20.548169
20251021-123948,16D5EAF4-E119-4252-9761-E497A35D097A,healthcare-dataset-stroke,catboost,15000,91.937299,28.81,1344.735046,46.672115,63.521069,20.48564
20251021-124022,16D5EAF4-E119-4252-9761-E497A35D097A,healthcare-dataset-stroke,catboost,15000,94.793105,29.21,1373.303955,47.01072,65.41713,20.522184
20251021-124057,16D5EAF4-E119-4252-9761-E497A35D097A,healthcare-dataset-stroke,catboost,15000,93.39578,29.21,1372.6828,46.988109,64.277405,20.498722
20251021-124132,16D5EAF4-E119-4252-9761-E497A35D097A,healthcare-dataset-stroke,catboost,15000,94.965271,29.22,1357.288879,46.457848,63.412811,20.507983
20251021-124207,16D5EAF4-E119-4252-9761-E497A35D097A,healthcare-dataset-stroke,catboost,15000,94.166039,29.21,1369.423462,46.875397,64.75277,20.518069
20251021-124242,16D5EAF4-E119-4252-9761-E497A35D097A,healthcare-dataset-stroke,catboost,15000,94.540045,29.21,1352.977173,46.314401,63.389987,20.502676
20251021-124317,16D5EAF4-E119-4252-9761-E497A35D097A,healthcare-dataset-stroke,catboost,15000,96.822106,29.21,1382.148438,47.311527,64.820647,20.522826
20251021-124352,16D5EAF4-E119-4252-9761-E497A35D097A,healthcare-dataset-stroke,catboost,15000,93.80006,29.23,1363.60376,46.657601,63.344486,20.503393
20251021-124427,16D5EAF4-E119-4252-9761-E497A35D097A,healthcare-dataset-stroke,catboost,15000,97.790215,30.21,1388.104004,45.943092,62.257794,20.522623
20251021-124503,16D5EAF4-E119-4252-9761-E497A35D097A,healthcare-dataset-stroke,catboost,15000,92.797076,29.01,1381.343994,47.612116,64.590649,20.499771
20251021-124537,16D5EAF4-E119-4252-9761-E497A35D097A,healthcare-dataset-stroke,catboost,15000,96.672239,29.21,1362.742981,46.648154,64.214616,20.519255
20251021-124612,16D5EAF4-E119-4252-9761-E497A35D097A,healthcare-dataset-stroke,catboost,15000,91.491277,29.01,1370.983826,47.255431,64.531099,20.492466
20251021-124921,A6691072-EC7E-4ECE-857D-0D7E32F963AF,UNSW_NB15_merged,catboost,9652,235.536333,30.41,1145.757812,37.672497,40.631741,20.508042
20251021-124957,A6691072-EC7E-4ECE-857D-0D7E32F963AF,UNSW_NB15_merged,catboost,9645,234.339417,30.41,1131.389893,37.200491,39.804659,20.503763
20251021-125335,9D9B548F-9A15-4CE5-8C3C-7311BA29059F,UNSW_NB15_merged,catboost,15000,242.577954,47.22,1744.716675,36.948043,41.71476,20.521215
20251021-125428,9D9B548F-9A15-4CE5-8C3C-7311BA29059F,UNSW_NB15_merged,catboost,15000,243.19229,47.22,1767.275818,37.425237,41.245127,20.522721
20251021-125521,9D9B548F-9A15-4CE5-8C3C-7311BA29059F,UNSW_NB15_merged,catboost,15000,237.436248,46.62,1739.940796,37.321499,39.688747,20.502699
20251021-125614,9D9B548F-9A15-4CE5-8C3C-7311BA29059F,UNSW_NB15_merged,catboost,15000,237.999511,46.82,1701.165833,36.332036,38.858473,20.497546
20251021-125706,9D9B548F-9A15-4CE5-8C3C-7311BA29059F,UNSW_NB15_merged,catboost,15000,237.884765,46.82,1767.177246,37.741863,41.83577,20.523778
20251021-125759,9D9B548F-9A15-4CE5-8C3C-7311BA29059F,UNSW_NB15_merged,catboost,15000,238.82345,47.02,1763.187561,37.496599,41.203953,20.525759
20251021-125851,9D9B548F-9A15-4CE5-8C3C-7311BA29059F,UNSW_NB15_merged,catboost,15000,237.448088,46.82,1764.111389,37.677606,40.319529,20.51327
20251021-125944,9D9B548F-9A15-4CE5-8C3C-7311BA29059F,UNSW_NB15_merged,catboost,15000,235.568997,48.22,1740.204712,36.086874,37.217546,20.493479
20251021-130038,9D9B548F-9A15-4CE5-8C3C-7311BA29059F,UNSW_NB15_merged,catboost,15000,238.561661,47.02,1774.282593,37.7319,41.286666,20.52455
20251021-130131,9D9B548F-9A15-4CE5-8C3C-7311BA29059F,UNSW_NB15_merged,catboost,15000,240.336808,47.22,1784.070923,37.780255,41.516554,20.529715
20251021-130224,9D9B548F-9A15-4CE5-8C3C-7311BA29059F,UNSW_NB15_merged,catboost,15000,239.522937,47.02,1786.977173,38.000602,41.167394,20.523977
20251021-130316,9D9B548F-9A15-4CE5-8C3C-7311BA29059F,UNSW_NB15_merged,catboost,15000,234.19039,48.42,1739.552551,35.926071,36.718916,20.492487
20251021-130410,9D9B548F-9A15-4CE5-8C3C-7311BA29059F,UNSW_NB15_merged,catboost,15000,234.707514,48.42,1757.495239,36.29555,38.152805,20.506677
20251021-130505,9D9B548F-9A15-4CE5-8C3C-7311BA29059F,UNSW_NB15_merged,catboost,15000,240.155621,47.22,1774.373535,37.574696,41.268773,20.532714
20251021-130558,9D9B548F-9A15-4CE5-8C3C-7311BA29059F,UNSW_NB15_merged,catboost,15000,240.617034,47.22,1781.922668,37.735314,41.640791,20.530202
20251021-130651,9D9B548F-9A15-4CE5-8C3C-7311BA29059F,UNSW_NB15_merged,catboost,15000,237.169672,46.62,1744.424744,37.417487,40.615266,20.517257
20251021-130743,9D9B548F-9A15-4CE5-8C3C-7311BA29059F,UNSW_NB15_merged,catboost,15000,231.737722,46.02,1721.180847,37.400665,38.278078,20.497597
20251021-130835,9D9B548F-9A15-4CE5-8C3C-7311BA29059F,UNSW_NB15_merged,catboost,15000,240.813733,47.22,1760.160461,37.27539,41.439756,20.53405
20251021-130928,9D9B548F-9A15-4CE5-8C3C-7311BA29059F,UNSW_NB15_merged,catboost,15000,239.462387,47.22,1784.79718,37.794054,41.80995,20.537241
20251021-131021,9D9B548F-9A15-4CE5-8C3C-7311BA29059F,UNSW_NB15_merged,catboost,15000,236.26211,48.22,1826.723999,37.881705,40.654972,20.531982
20251021-131115,9D9B548F-9A15-4CE5-8C3C-7311BA29059F,UNSW_NB15_merged,catboost,15000,231.556161,45.82,1675.508301,36.567387,38.097831,20.494755
20251021-131206,9D9B548F-9A15-4CE5-8C3C-7311BA29059F,UNSW_NB15_merged,catboost,15000,237.501846,46.82,1759.50177,37.579002,41.409542,20.534522
20251021-131259,9D9B548F-9A15-4CE5-8C3C-7311BA29059F,UNSW_NB15_merged,catboost,15000,237.784656,46.82,1773.649658,37.881731,42.040498,20.546086
20251021-131351,9D9B548F-9A15-4CE5-8C3C-7311BA29059F,UNSW_NB15_merged,catboost,15000,239.401907,48.22,1793.464417,37.192724,40.982199,20.542283
20251021-131445,9D9B548F-9A15-4CE5-8C3C-7311BA29059F,UNSW_NB15_merged,catboost,15000,237.613528,46.82,1712.760925,36.581908,38.23698,20.506889
20251021-131538,9D9B548F-9A15-4CE5-8C3C-7311BA29059F,UNSW_NB15_merged,catboost,15000,234.349108,46.62,1736.851379,37.255784,39.333717,20.516132
20251021-131630,9D9B548F-9A15-4CE5-8C3C-7311BA29059F,UNSW_NB15_merged,catboost,15000,241.154871,47.22,1777.94281,37.651799,41.703661,20.54522
20251021-131723,9D9B548F-9A15-4CE5-8C3C-7311BA29059F,UNSW_NB15_merged,catboost,15000,236.708977,46.62,1782.222046,38.227501,42.27565,20.545808
20251021-131815,9D9B548F-9A15-4CE5-8C3C-7311BA29059F,UNSW_NB15_merged,catboost,15000,235.419475,48.22,1799.606262,37.31741,38.851562,20.525728
20251021-131909,9D9B548F-9A15-4CE5-8C3C-7311BA29059F,UNSW_NB15_merged,catboost,15000,232.350796,46.02,1690.93866,36.743712,38.038049,20.500787
20251021-133212,075A3291-00A9-4CF2-B152-74B6ABF6A24F,credit_card_transactions,lgbm,6348,380.807084,30.23,1312.598572,43.415359,89.079786,20.582722
20251021-133427,413350FB-CA87-4C62-A286-F310DEC156EC,credit_card_transactions,lgbm,15000,267.741476,51.05,2244.711914,43.972702,92.766758,20.55307
20251021-133524,413350FB-CA87-4C62-A286-F310DEC156EC,credit_card_transactions,lgbm,15000,271.771331,51.86,2282.24353,44.007516,92.653835,20.554929
20251021-133622,413350FB-CA87-4C62-A286-F310DEC156EC,credit_card_transactions,lgbm,15000,272.374339,52.02,2291.523987,44.046704,92.365739,20.553641
20251021-133719,413350FB-CA87-4C62-A286-F310DEC156EC,credit_card_transactions,lgbm,15000,224.299093,45.02,1994.421509,44.300597,93.037222,20.545725
20251021-133810,413350FB-CA87-4C62-A286-F310DEC156EC,credit_card_transactions,lgbm,15000,184.845735,39.02,1667.132996,42.730215,90.308028,20.515607
20251021-133855,413350FB-CA87-4C62-A286-F310DEC156EC,credit_card_transactions,lgbm,15000,268.523781,51.63,2258.900574,43.749653,92.149277,20.561369
20251021-133952,413350FB-CA87-4C62-A286-F310DEC156EC,credit_card_transactions,lgbm,15000,276.336586,52.43,2298.026184,43.829841,91.992004,20.559098
20251021-134050,413350FB-CA87-4C62-A286-F310DEC156EC,credit_card_transactions,lgbm,15000,265.932074,51.23,2244.441101,43.814819,91.998544,20.559446
20251021-134147,413350FB-CA87-4C62-A286-F310DEC156EC,credit_card_transactions,lgbm,15000,198.247736,68.23,2384.489685,34.945821,58.345845,20.542269
20251021-134301,413350FB-CA87-4C62-A286-F310DEC156EC,credit_card_transactions,lgbm,15000,279.448715,68.25,2529.494751,37.062362,72.245014,20.549546
20251021-134415,413350FB-CA87-4C62-A286-F310DEC156EC,credit_card_transactions,lgbm,15000,269.744915,68.25,2489.61615,36.480383,69.941132,20.549773
20251021-134529,413350FB-CA87-4C62-A286-F310DEC156EC,credit_card_transactions,lgbm,15000,269.007236,51.24,2233.245056,43.587508,92.572483,20.559462
20251021-134626,413350FB-CA87-4C62-A286-F310DEC156EC,credit_card_transactions,lgbm,15000,264.936067,51.04,2246.729248,44.01923,93.183814,20.552296
20251021-134723,413350FB-CA87-4C62-A286-F310DEC156EC,credit_card_transactions,lgbm,15000,184.39489,39.02,1639.932068,42.033201,90.486227,20.513229
20251021-134808,413350FB-CA87-4C62-A286-F310DEC156EC,credit_card_transactions,lgbm,15000,264.555755,50.83,2226.608032,43.808797,92.448429,20.556023
20251021-134904,413350FB-CA87-4C62-A286-F310DEC156EC,credit_card_transactions,lgbm,15000,268.015851,68.25,2475.563843,36.269792,69.90036,20.544069
20251021-135018,413350FB-CA87-4C62-A286-F310DEC156EC,credit_card_transactions,lgbm,15000,269.484193,51.66,2249.926147,43.555517,92.508833,20.555627
20251021-135116,413350FB-CA87-4C62-A286-F310DEC156EC,credit_card_transactions,lgbm,15000,282.433907,53.64,2340.599182,43.637674,92.016966,20.552752
20251021-135215,413350FB-CA87-4C62-A286-F310DEC156EC,credit_card_transactions,lgbm,15000,273.34055,68.26,2503.784363,36.681307,70.763497,20.548319
20251021-135329,413350FB-CA87-4C62-A286-F310DEC156EC,credit_card_transactions,lgbm,15000,274.980689,52.42,2276.784729,43.429859,92.558974,20.561048
20251021-135427,413350FB-CA87-4C62-A286-F310DEC156EC,credit_card_transactions,lgbm,15000,248.846871,49.03,2142.268799,43.690279,92.111842,20.557254
20251021-135522,413350FB-CA87-4C62-A286-F310DEC156EC,credit_card_transactions,lgbm,15000,192.455505,39.82,1675.794739,42.089244,91.561578,20.518427
20251021-135607,413350FB-CA87-4C62-A286-F310DEC156EC,credit_card_transactions,lgbm,15000,266.605478,51.22,2221.514465,43.370065,91.766526,20.559085
20251021-135704,413350FB-CA87-4C62-A286-F310DEC156EC,credit_card_transactions,lgbm,15000,273.658249,52.24,2265.405945,43.365941,92.667166,20.564864
20251021-135802,413350FB-CA87-4C62-A286-F310DEC156EC,credit_card_transactions,lgbm,15000,278.940574,53.07,2313.57489,43.595337,92.431119,20.560178
20251021-135901,413350FB-CA87-4C62-A286-F310DEC156EC,credit_card_transactions,lgbm,15000,277.624584,52.66,2309.731018,43.864603,92.826216,20.563202
20251021-140000,413350FB-CA87-4C62-A286-F310DEC156EC,credit_card_transactions,lgbm,15000,198.015899,68.23,2392.092651,35.057108,58.705035,20.546425
20251021-140114,413350FB-CA87-4C62-A286-F310DEC156EC,credit_card_transactions,lgbm,15000,217.43656,43.83,1903.715027,43.434535,92.896329,20.541674
20251021-140203,413350FB-CA87-4C62-A286-F310DEC156EC,credit_card_transactions,lgbm,15000,185.134174,39.03,1664.640625,42.650704,91.179868,20.543576
20251021-140248,413350FB-CA87-4C62-A286-F310DEC156EC,credit_card_transactions,lgbm,15000,269.341888,68.44,2481.765198,36.261683,69.554967,20.557347
20251021-140515,1CF7E874-62E4-47AD-B104-532AF9B1B967,diabetic,lgbm,15000,270.842298,51.43,2235.772949,43.472116,93.838751,20.56683
20251021-140612,1CF7E874-62E4-47AD-B104-532AF9B1B967,diabetic,lgbm,15000,291.547344,54.44,2371.28186,43.558969,93.904587,20.566268
20251021-140712,1CF7E874-62E4-47AD-B104-532AF9B1B967,diabetic,lgbm,15000,279.144337,52.62,2288.960876,43.496028,93.16752,20.571077
20251021-140810,1CF7E874-62E4-47AD-B104-532AF9B1B967,diabetic,lgbm,15000,279.604082,52.64,2295.197083,43.601288,93.410372,20.568403
20251021-140909,1CF7E874-62E4-47AD-B104-532AF9B1B967,diabetic,lgbm,15000,196.632933,40.21,1728.955994,42.993086,92.88844,20.533491
20251021-140955,1CF7E874-62E4-47AD-B104-532AF9B1B967,diabetic,lgbm,15000,253.866329,48.84,2117.410339,43.356905,94.057894,20.551668
20251021-141049,1CF7E874-62E4-47AD-B104-532AF9B1B967,diabetic,lgbm,15000,289.887514,61.24,2474.927612,40.414759,82.822505,20.565264
20251021-141156,1CF7E874-62E4-47AD-B104-532AF9B1B967,diabetic,lgbm,15000,289.351364,54.06,2357.430603,43.605903,94.049449,20.571899
20251021-141256,1CF7E874-62E4-47AD-B104-532AF9B1B967,diabetic,lgbm,15000,296.630165,61.23,2495.759705,40.759698,84.389482,20.566366
20251021-141403,1CF7E874-62E4-47AD-B104-532AF9B1B967,diabetic,lgbm,15000,289.418335,54.03,2358.088074,43.640101,93.753234,20.569251
20251021-141503,1CF7E874-62E4-47AD-B104-532AF9B1B967,diabetic,lgbm,15000,299.928268,55.66,2439.23584,43.826485,93.865547,20.568873
20251021-141604,1CF7E874-62E4-47AD-B104-532AF9B1B967,diabetic,lgbm,15000,306.527285,56.65,2476.605347,43.715143,94.704224,20.570382
20251021-141706,1CF7E874-62E4-47AD-B104-532AF9B1B967,diabetic,lgbm,15000,244.323798,47.62,2066.878967,43.405854,93.867502,20.553333
20251021-141800,1CF7E874-62E4-47AD-B104-532AF9B1B967,diabetic,lgbm,15000,203.745378,41.42,1769.86377,42.734292,92.117841,20.537976
20251021-141847,1CF7E874-62E4-47AD-B104-532AF9B1B967,diabetic,lgbm,15000,283.770735,53.44,2325.248169,43.513183,93.062777,20.575883
20251021-141946,1CF7E874-62E4-47AD-B104-532AF9B1B967,diabetic,lgbm,15000,301.248659,56.25,2459.316345,43.717687,93.567759,20.572331
20251021-142048,1CF7E874-62E4-47AD-B104-532AF9B1B967,diabetic,lgbm,15000,300.072694,61.27,2517.251038,41.083438,85.240858,20.5739
20251021-142155,1CF7E874-62E4-47AD-B104-532AF9B1B967,diabetic,lgbm,15000,297.805631,55.23,2427.605469,43.954241,94.143255,20.577679
20251021-142256,1CF7E874-62E4-47AD-B104-532AF9B1B967,diabetic,lgbm,15000,299.915208,55.45,2442.494995,44.045238,94.344427,20.576791
20251021-142357,1CF7E874-62E4-47AD-B104-532AF9B1B967,diabetic,lgbm,15000,240.18543,61.25,2373.577515,38.750852,73.728478,20.572942
20251021-142504,1CF7E874-62E4-47AD-B104-532AF9B1B967,diabetic,lgbm,15000,205.060864,41.62,1796.956238,43.177723,93.540483,20.552104
20251021-142551,1CF7E874-62E4-47AD-B104-532AF9B1B967,diabetic,lgbm,15000,236.355444,46.03,2002.765198,43.508538,94.710916,20.560965
20251021-143116,687C9203-B653-4311-BAA0-CA3CFF5EBF22,diabetic,lgbm,15000,296.250384,55.05,2389.231995,43.398923,93.846902,20.584614
20251021-143216,687C9203-B653-4311-BAA0-CA3CFF5EBF22,diabetic,lgbm,15000,291.920949,61.28,2473.671448,40.367248,83.29392,20.582608
20251021-143323,687C9203-B653-4311-BAA0-CA3CFF5EBF22,diabetic,lgbm,15000,288.685833,53.82,2355.308472,43.761776,93.681406,20.587883
20251021-143423,687C9203-B653-4311-BAA0-CA3CFF5EBF22,diabetic,lgbm,15000,289.679112,54.04,2367.862915,43.816153,93.703282,20.586788
20251021-143522,687C9203-B653-4311-BAA0-CA3CFF5EBF22,diabetic,lgbm,15000,303.685355,56.04,2459.30658,43.888215,93.997747,20.588101
20251021-143624,687C9203-B653-4311-BAA0-CA3CFF5EBF22,diabetic,lgbm,15000,305.549659,56.27,2481.006714,44.093131,94.414444,20.588255
20251021-143726,687C9203-B653-4311-BAA0-CA3CFF5EBF22,diabetic,lgbm,15000,223.551311,44.22,1920.077454,43.424534,93.615909,20.562746
20251021-143816,687C9203-B653-4311-BAA0-CA3CFF5EBF22,diabetic,lgbm,15000,243.82001,47.26,2062.628174,43.64339,94.242632,20.578113
20251021-144051,9991B95F-5B9F-4149-B002-BD78E138F629,healthcare-dataset-stroke,lgbm,15000,209.155177,42.22,1824.064026,43.19994,92.811914,20.570992
20251021-144139,9991B95F-5B9F-4149-B002-BD78E138F629,healthcare-dataset-stroke,lgbm,15000,221.105587,43.63,1901.436584,43.583927,94.259887,20.57515
20251021-144228,9991B95F-5B9F-4149-B002-BD78E138F629,healthcare-dataset-stroke,lgbm,15000,293.636794,54.62,2402.240173,43.980257,93.992219,20.595142
20251021-144329,9991B95F-5B9F-4149-B002-BD78E138F629,healthcare-dataset-stroke,lgbm,15000,301.768683,55.84,2452.931702,43.931017,93.400309,20.603156
20251021-144430,9991B95F-5B9F-4149-B002-BD78E138F629,healthcare-dataset-stroke,lgbm,15000,304.719367,56.26,2494.146362,44.333507,94.156361,20.603766
20251021-144532,9991B95F-5B9F-4149-B002-BD78E138F629,healthcare-dataset-stroke,lgbm,15000,291.957511,54.40,2406.726257,44.24352,93.712876,20.601348
20251021-144632,9991B95F-5B9F-4149-B002-BD78E138F629,healthcare-dataset-stroke,lgbm,15000,248.310922,48.22,2130.703125,44.188522,94.002263,20.588226
20251021-144726,9991B95F-5B9F-4149-B002-BD78E138F629,healthcare-dataset-stroke,lgbm,15000,189.792793,39.01,1676.226746,42.964094,92.733653,20.560056
20251021-144811,9991B95F-5B9F-4149-B002-BD78E138F629,healthcare-dataset-stroke,lgbm,15000,293.390004,54.45,2396.729919,44.018962,93.744966,20.595658
20251021-144911,9991B95F-5B9F-4149-B002-BD78E138F629,healthcare-dataset-stroke,lgbm,15000,294.855746,55.08,2416.757141,43.878991,93.169217,20.593157
20251021-145012,9991B95F-5B9F-4149-B002-BD78E138F629,healthcare-dataset-stroke,lgbm,15000,299.526687,55.44,2438.435486,43.983514,93.924129,20.591526
20251021-145113,9991B95F-5B9F-4149-B002-BD78E138F629,healthcare-dataset-stroke,lgbm,15000,300.486992,55.68,2455.314148,44.094998,94.13699,20.596293
20251021-145214,9991B95F-5B9F-4149-B002-BD78E138F629,healthcare-dataset-stroke,lgbm,15000,274.674841,52.03,2320.478149,44.601396,94.31754,20.594175
20251021-145312,9991B95F-5B9F-4149-B002-BD78E138F629,healthcare-dataset-stroke,lgbm,15000,183.72016,38.01,1624.29425,42.728326,92.38619,20.555083
20251021-145356,9991B95F-5B9F-4149-B002-BD78E138F629,healthcare-dataset-stroke,lgbm,15000,287.7641,53.68,2379.566101,44.329499,94.138575,20.594396
20251021-145455,9991B95F-5B9F-4149-B002-BD78E138F629,healthcare-dataset-stroke,lgbm,15000,295.940437,54.83,2425.600525,44.239856,94.142638,20.600777
20251021-145556,9991B95F-5B9F-4149-B002-BD78E138F629,healthcare-dataset-stroke,lgbm,15000,298.958683,55.23,2447.468445,44.312895,93.861143,20.596812
20251021-145657,9991B95F-5B9F-4149-B002-BD78E138F629,healthcare-dataset-stroke,lgbm,15000,301.297764,55.84,2474.308594,44.310266,93.97565,20.604555
20251021-145758,9991B95F-5B9F-4149-B002-BD78E138F629,healthcare-dataset-stroke,lgbm,15000,281.374795,52.84,2342.937683,44.344106,93.544101,20.607611
20251021-145857,9991B95F-5B9F-4149-B002-BD78E138F629,healthcare-dataset-stroke,lgbm,15000,198.407835,40.22,1718.086487,42.722359,92.675778,20.559903
20251021-145943,9991B95F-5B9F-4149-B002-BD78E138F629,healthcare-dataset-stroke,lgbm,15000,257.827459,49.43,2161.635254,43.729371,93.176464,20.60292
20251021-150038,9991B95F-5B9F-4149-B002-BD78E138F629,healthcare-dataset-stroke,lgbm,15000,297.657372,55.23,2437.900024,44.143564,93.812416,20.601627
20251021-150139,9991B95F-5B9F-4149-B002-BD78E138F629,healthcare-dataset-stroke,lgbm,15000,295.541159,54.84,2424.434204,44.210472,93.954982,20.609684
20251021-150239,9991B95F-5B9F-4149-B002-BD78E138F629,healthcare-dataset-stroke,lgbm,15000,304.664244,56.23,2482.859314,44.151994,94.088641,20.607595
20251021-150341,9991B95F-5B9F-4149-B002-BD78E138F629,healthcare-dataset-stroke,lgbm,15000,295.174285,54.66,2417.667847,44.23245,93.54289,20.611515
20251021-150442,9991B95F-5B9F-4149-B002-BD78E138F629,healthcare-dataset-stroke,lgbm,15000,227.412862,44.84,1961.490662,43.746103,93.60115,20.580403
20251021-150532,9991B95F-5B9F-4149-B002-BD78E138F629,healthcare-dataset-stroke,lgbm,15000,224.059738,44.02,1922.075378,43.659734,93.235721,20.590976
20251021-150622,9991B95F-5B9F-4149-B002-BD78E138F629,healthcare-dataset-stroke,lgbm,15000,301.46644,55.65,2466.469543,44.319346,94.456624,20.607769
20251021-150723,9991B95F-5B9F-4149-B002-BD78E138F629,healthcare-dataset-stroke,lgbm,15000,302.812943,61.24,2562.217896,41.838211,86.013411,20.606376
20251021-150830,9991B95F-5B9F-4149-B002-BD78E138F629,healthcare-dataset-stroke,lgbm,15000,301.065814,55.64,2463.565125,44.276163,94.048054,20.6126
20251021-150957,74488C6B-DACE-4E6A-87C3-1B9E664ABAE4,UNSW_NB15_merged,lgbm,15000,301.387076,56.04,2473.483826,44.134756,94.154944,20.60206
20251021-151058,74488C6B-DACE-4E6A-87C3-1B9E664ABAE4,UNSW_NB15_merged,lgbm,14915,333.422792,60.24,2683.289307,44.544784,95.130148,20.612064
20251021-151204,74488C6B-DACE-4E6A-87C3-1B9E664ABAE4,UNSW_NB15_merged,lgbm,15000,337.443723,61.26,2687.847778,43.878515,93.99514,20.612024
20251021-151311,74488C6B-DACE-4E6A-87C3-1B9E664ABAE4,UNSW_NB15_merged,lgbm,14796,337.090635,60.03,2649.400024,44.133681,95.677774,20.61142
20251021-151417,74488C6B-DACE-4E6A-87C3-1B9E664ABAE4,UNSW_NB15_merged,lgbm,14632,348.223334,61.44,2671.137512,43.474785,93.678698,20.610212
20251021-151524,74488C6B-DACE-4E6A-87C3-1B9E664ABAE4,UNSW_NB15_merged,lgbm,14899,340.349852,61.43,2669.386292,43.450999,93.806962,20.610023
20251021-151631,74488C6B-DACE-4E6A-87C3-1B9E664ABAE4,UNSW_NB15_merged,lgbm,15000,337.488077,61.26,2667.930603,43.550827,94.442015,20.614599
20251021-151738,74488C6B-DACE-4E6A-87C3-1B9E664ABAE4,UNSW_NB15_merged,lgbm,14841,336.2484,60.11,2641.906799,43.948486,95.771991,20.616127
20251021-151844,74488C6B-DACE-4E6A-87C3-1B9E664ABAE4,UNSW_NB15_merged,lgbm,14813,343.678768,61.23,2670.044922,43.603658,94.365888,20.615216
20251021-151951,74488C6B-DACE-4E6A-87C3-1B9E664ABAE4,UNSW_NB15_merged,lgbm,14554,350.620896,61.45,2677.766724,43.578315,94.149456,20.6167
20251021-152058,74488C6B-DACE-4E6A-87C3-1B9E664ABAE4,UNSW_NB15_merged,lgbm,14514,351.504602,61.25,2679.939209,43.750619,94.699332,20.616657
20251021-152205,74488C6B-DACE-4E6A-87C3-1B9E664ABAE4,UNSW_NB15_merged,lgbm,14984,338.135307,61.24,2665.920288,43.5324,93.99994,20.620513
20251021-152312,74488C6B-DACE-4E6A-87C3-1B9E664ABAE4,UNSW_NB15_merged,lgbm,14579,349.149912,61.24,2667.187683,43.550163,94.341603,20.62095
20251021-152419,74488C6B-DACE-4E6A-87C3-1B9E664ABAE4,UNSW_NB15_merged,lgbm,14590,349.259943,61.43,2663.969849,43.369244,93.893914,20.621416
20251021-152526,74488C6B-DACE-4E6A-87C3-1B9E664ABAE4,UNSW_NB15_merged,lgbm,14612,348.085465,61.47,2666.148987,43.374575,94.445856,20.62085
20251021-152633,74488C6B-DACE-4E6A-87C3-1B9E664ABAE4,UNSW_NB15_merged,lgbm,14038,365.55701,61.24,2672.367493,43.635056,94.17138,20.624383
20251021-152834,43B2BFBD-2FD7-41A4-8834-511D8C1CFEBB,UNSW_NB15_merged,lgbm,15000,340.322169,62.07,2714.8125,43.740323,93.969219,20.621973
20251021-152942,43B2BFBD-2FD7-41A4-8834-511D8C1CFEBB,UNSW_NB15_merged,lgbm,15000,312.580246,66.25,2677.715576,40.419532,82.538398,20.619412
20251021-153054,43B2BFBD-2FD7-41A4-8834-511D8C1CFEBB,UNSW_NB15_merged,lgbm,15000,343.81465,62.45,2710.494629,43.405984,94.226495,20.620568
20251021-153202,43B2BFBD-2FD7-41A4-8834-511D8C1CFEBB,UNSW_NB15_merged,lgbm,15000,348.342665,66.24,2788.642761,42.098306,89.888666,20.626286
20251021-153314,43B2BFBD-2FD7-41A4-8834-511D8C1CFEBB,UNSW_NB15_merged,lgbm,15000,355.75661,64.43,2781.465698,43.172823,93.904886,20.622724
20251021-153424,43B2BFBD-2FD7-41A4-8834-511D8C1CFEBB,UNSW_NB15_merged,lgbm,15000,339.437036,61.84,2684.141907,43.406924,93.914609,20.628947
20251021-153532,43B2BFBD-2FD7-41A4-8834-511D8C1CFEBB,UNSW_NB15_merged,lgbm,15000,349.810725,63.43,2757.452393,43.470866,94.313042,20.622149
20251021-153641,43B2BFBD-2FD7-41A4-8834-511D8C1CFEBB,UNSW_NB15_merged,lgbm,15000,348.914195,63.05,2745.029846,43.536622,94.575782,20.627617
20251021-153750,43B2BFBD-2FD7-41A4-8834-511D8C1CFEBB,UNSW_NB15_merged,lgbm,15000,351.135687,66.24,2796.031433,42.208195,89.91874,20.628395
20251021-153902,43B2BFBD-2FD7-41A4-8834-511D8C1CFEBB,UNSW_NB15_merged,lgbm,15000,338.223761,61.43,2676.017578,43.563643,94.047207,20.630341
20251021-154009,43B2BFBD-2FD7-41A4-8834-511D8C1CFEBB,UNSW_NB15_merged,lgbm,15000,338.981587,61.64,2683.859985,43.540603,93.942141,20.632327
20251021-154116,43B2BFBD-2FD7-41A4-8834-511D8C1CFEBB,UNSW_NB15_merged,lgbm,15000,339.49193,61.67,2691.826233,43.651517,94.26716,20.630787
20251021-154224,43B2BFBD-2FD7-41A4-8834-511D8C1CFEBB,UNSW_NB15_merged,lgbm,15000,358.053196,64.84,2817.407715,43.455013,94.121026,20.630332
20251021-154334,43B2BFBD-2FD7-41A4-8834-511D8C1CFEBB,UNSW_NB15_merged,lgbm,15000,351.140136,63.64,2770.21814,43.530798,93.92842,20.631674
20251021-154444,43B2BFBD-2FD7-41A4-8834-511D8C1CFEBB,UNSW_NB15_merged,lgbm,15000,348.490316,63.05,2752.105286,43.651415,94.152353,20.633775
20251021-154552,43B2BFBD-2FD7-41A4-8834-511D8C1CFEBB,UNSW_NB15_merged,lgbm,15000,347.372816,63.04,2744.97113,43.542941,93.917678,20.633255
20251021-154701,43B2BFBD-2FD7-41A4-8834-511D8C1CFEBB,UNSW_NB15_merged,lgbm,15000,347.69768,63.03,2746.020874,43.566244,94.053405,20.634731
20251021-154810,43B2BFBD-2FD7-41A4-8834-511D8C1CFEBB,UNSW_NB15_merged,lgbm,15000,353.341393,64.04,2795.723572,43.65685,94.036577,20.629988
20251021-154920,43B2BFBD-2FD7-41A4-8834-511D8C1CFEBB,UNSW_NB15_merged,lgbm,15000,344.793695,62.63,2739.278381,43.74036,93.880594,20.626887
20251021-155028,43B2BFBD-2FD7-41A4-8834-511D8C1CFEBB,UNSW_NB15_merged,lgbm,15000,346.292143,62.84,2756.843811,43.867814,94.036396,20.629543
20251021-155608,65573592-3C27-4D22-B3C8-563327B2C625,UNSW_NB15_merged,lgbm,15000,335.769744,61.29,2723.325378,44.430093,93.78627,20.639946
20251021-155715,65573592-3C27-4D22-B3C8-563327B2C625,UNSW_NB15_merged,lgbm,14704,346.511133,61.23,2737.963684,44.716308,94.681259,20.638959
20251021-155822,65573592-3C27-4D22-B3C8-563327B2C625,UNSW_NB15_merged,lgbm,14753,337.59685,60.23,2713.17218,45.04759,95.789085,20.641787
20251021-155928,65573592-3C27-4D22-B3C8-563327B2C625,UNSW_NB15_merged,lgbm,14854,342.423988,61.43,2746.950256,44.71313,94.490764,20.638047
20251021-160035,65573592-3C27-4D22-B3C8-563327B2C625,UNSW_NB15_merged,lgbm,14985,339.069725,61.44,2734.875366,44.513557,94.212348,20.640893
20251021-160142,65573592-3C27-4D22-B3C8-563327B2C625,UNSW_NB15_merged,lgbm,15000,337.218097,61.25,2722.904968,44.458797,94.018296,20.644164
20251021-160249,65573592-3C27-4D22-B3C8-563327B2C625,UNSW_NB15_merged,lgbm,15000,337.689128,61.11,2718.789429,44.489171,94.388387,20.644651
20251021-161511,F69039DD-B744-4EBA-B8AE-1A58DA1EEDDC,credit_card_transactions,xgboost,15000,316.041449,58.62,2558.695557,43.646437,93.158403,20.651662
20251021-161615,F69039DD-B744-4EBA-B8AE-1A58DA1EEDDC,credit_card_transactions,xgboost,15000,320.329181,61.23,2618.395325,42.765168,89.870452,20.650526
20251021-161722,F69039DD-B744-4EBA-B8AE-1A58DA1EEDDC,credit_card_transactions,xgboost,15000,327.033681,61.27,2658.699829,43.393555,91.232343,20.648153
20251021-161829,F69039DD-B744-4EBA-B8AE-1A58DA1EEDDC,credit_card_transactions,xgboost,15000,326.458965,59.84,2628.993286,43.930412,93.449254,20.653732
20251021-161935,F69039DD-B744-4EBA-B8AE-1A58DA1EEDDC,credit_card_transactions,xgboost,15000,316.634345,58.43,2569.132996,43.966652,93.083729,20.651961
20251021-162039,F69039DD-B744-4EBA-B8AE-1A58DA1EEDDC,credit_card_transactions,xgboost,15000,327.088262,60.05,2636.421082,43.900819,93.435961,20.653962
20251021-162145,F69039DD-B744-4EBA-B8AE-1A58DA1EEDDC,credit_card_transactions,xgboost,15000,320.891412,59.06,2596.951904,43.971239,93.26957,20.65454
20251021-162250,F69039DD-B744-4EBA-B8AE-1A58DA1EEDDC,credit_card_transactions,xgboost,15000,234.587075,46.22,2022.916931,43.765804,92.79598,20.634971
20251021-162341,F69039DD-B744-4EBA-B8AE-1A58DA1EEDDC,credit_card_transactions,xgboost,15000,231.1031,45.82,1990.636902,43.447409,92.325739,20.632171
20251021-163442,ECE26AB0-D2D1-4E38-8559-DF415B40296E,credit_card_transactions,xgboost,15000,244.443684,47.83,2078.49707,43.455738,91.730574,20.642238
20251021-163536,ECE26AB0-D2D1-4E38-8559-DF415B40296E,credit_card_transactions,xgboost,15000,330.607612,60.63,2643.777649,43.603867,93.043606,20.663374
20251021-163642,ECE26AB0-D2D1-4E38-8559-DF415B40296E,credit_card_transactions,xgboost,15000,328.830534,60.23,2628.96051,43.64658,93.479913,20.662862
20251021-163748,ECE26AB0-D2D1-4E38-8559-DF415B40296E,credit_card_transactions,xgboost,15000,331.706883,60.64,2651.111267,43.715345,93.770867,20.666344
20251021-163854,ECE26AB0-D2D1-4E38-8559-DF415B40296E,credit_card_transactions,xgboost,15000,328.460698,60.26,2626.584656,43.58958,93.26332,20.66609
20251021-164000,ECE26AB0-D2D1-4E38-8559-DF415B40296E,credit_card_transactions,xgboost,15000,328.029969,66.23,2723.1297,41.1132,84.750095,20.660762
20251021-164112,ECE26AB0-D2D1-4E38-8559-DF415B40296E,credit_card_transactions,xgboost,15000,327.299293,66.25,2728.665771,41.186152,84.707569,20.662622
20251021-164224,ECE26AB0-D2D1-4E38-8559-DF415B40296E,credit_card_transactions,xgboost,15000,327.032656,66.26,2720.194458,41.053208,84.777041,20.661233
20251021-164336,ECE26AB0-D2D1-4E38-8559-DF415B40296E,credit_card_transactions,xgboost,14069,398.331182,66.45,2927.121826,44.051554,94.41577,20.757056
20251021-164449,ECE26AB0-D2D1-4E38-8559-DF415B40296E,credit_card_transactions,xgboost,15000,285.921064,54.03,2363.07782,43.736641,92.307159,20.792915
20251021-164548,ECE26AB0-D2D1-4E38-8559-DF415B40296E,credit_card_transactions,xgboost,15000,332.622169,60.86,2662.20166,43.744127,93.505574,20.784106
20251021-164655,ECE26AB0-D2D1-4E38-8559-DF415B40296E,credit_card_transactions,xgboost,15000,330.155158,60.43,2650.708252,43.864982,93.504253,20.786106
20251021-164801,ECE26AB0-D2D1-4E38-8559-DF415B40296E,credit_card_transactions,xgboost,15000,331.144483,66.25,2745.359802,41.440457,85.495052,20.783063
20251021-164913,ECE26AB0-D2D1-4E38-8559-DF415B40296E,credit_card_transactions,xgboost,15000,332.199057,60.84,2665.967957,43.82259,93.573994,20.781224
20251021-165019,ECE26AB0-D2D1-4E38-8559-DF415B40296E,credit_card_transactions,xgboost,15000,330.320162,66.26,2735.771729,41.290507,85.281952,20.776984
20251021-165131,ECE26AB0-D2D1-4E38-8559-DF415B40296E,credit_card_transactions,xgboost,15000,323.987941,59.63,2625.918091,44.039504,93.218728,20.782453
20251021-165237,ECE26AB0-D2D1-4E38-8559-DF415B40296E,credit_card_transactions,xgboost,15000,336.283319,61.46,2699.019104,43.914538,93.459284,20.781772
20251021-165344,ECE26AB0-D2D1-4E38-8559-DF415B40296E,credit_card_transactions,xgboost,15000,333.483818,60.86,2670.417236,43.879914,93.967515,20.780815
20251021-165451,ECE26AB0-D2D1-4E38-8559-DF415B40296E,credit_card_transactions,xgboost,15000,330.823217,60.84,2654.357849,43.626638,93.197157,20.78184
20251021-165557,ECE26AB0-D2D1-4E38-8559-DF415B40296E,credit_card_transactions,xgboost,15000,333.615785,61.04,2663.275391,43.633312,93.261099,20.785103
20251021-165704,ECE26AB0-D2D1-4E38-8559-DF415B40296E,credit_card_transactions,xgboost,15000,331.338203,60.67,2655.973206,43.774845,93.642303,20.784328
20251021-165851,6046B3E3-F92B-4156-A323-03B7E01ADDEA,diabetic,xgboost,11346,523.983395,68.30,3051.581116,44.680747,95.175528,20.781682
20251021-170005,6046B3E3-F92B-4156-A323-03B7E01ADDEA,diabetic,xgboost,10518,555.466301,66.44,2938.054993,44.218129,95.071383,20.782269
20251021-170117,6046B3E3-F92B-4156-A323-03B7E01ADDEA,diabetic,xgboost,10363,565.290883,66.45,2936.680237,44.191732,94.615956,20.783459
20251021-170229,6046B3E3-F92B-4156-A323-03B7E01ADDEA,diabetic,xgboost,10539,555.522071,66.43,2942.542664,44.293062,95.039323,20.783905
20251021-170341,6046B3E3-F92B-4156-A323-03B7E01ADDEA,diabetic,xgboost,10709,544.855128,66.44,2940.531738,44.260393,95.047876,20.784839
20251021-170454,6046B3E3-F92B-4156-A323-03B7E01ADDEA,diabetic,xgboost,10567,550.555704,66.44,2931.976685,44.12655,94.379728,20.785634
20251021-170606,6046B3E3-F92B-4156-A323-03B7E01ADDEA,diabetic,xgboost,10474,553.973664,66.67,2930.251648,43.95431,94.369239,20.786811
20251021-170718,6046B3E3-F92B-4156-A323-03B7E01ADDEA,diabetic,xgboost,10559,550.202839,66.65,2935.313782,44.040532,94.050744,20.787154
20251021-170945,F094F865-0553-472A-B167-953198BC0A8A,diabetic,xgboost,14489,591.110457,96.64,4305.150757,44.548267,95.273269,20.797319
20251021-171213,6F963371-8233-4951-B2D0-0B0BA3CBEE7F,diabetic,xgboost,15000,551.135021,93.25,4170.339722,44.719943,95.860757,20.792425
20251021-171352,6F963371-8233-4951-B2D0-0B0BA3CBEE7F,diabetic,xgboost,15000,492.30495,84.45,3753.547791,44.449576,95.888031,20.784357
20251021-171522,6F963371-8233-4951-B2D0-0B0BA3CBEE7F,diabetic,xgboost,15000,547.643475,92.66,4159.061951,44.887077,96.174248,20.797744
20251021-171701,6F963371-8233-4951-B2D0-0B0BA3CBEE7F,diabetic,xgboost,15000,494.694344,101.25,4013.528564,39.640147,80.324137,20.784848
20251021-171847,6F963371-8233-4951-B2D0-0B0BA3CBEE7F,diabetic,xgboost,15000,563.927576,95.65,4282.816833,44.777101,95.829117,20.801437
20251021-172029,6F963371-8233-4951-B2D0-0B0BA3CBEE7F,diabetic,xgboost,15000,502.25131,86.25,3820.110046,44.290936,95.264517,20.790149
20251021-172201,6F963371-8233-4951-B2D0-0B0BA3CBEE7F,diabetic,xgboost,15000,538.956203,91.68,4093.180054,44.646209,95.788323,20.799193
20251021-172338,6F963371-8233-4951-B2D0-0B0BA3CBEE7F,diabetic,xgboost,15000,535.683597,91.06,4066.304382,44.655598,95.565031,20.800795
20251021-172515,6F963371-8233-4951-B2D0-0B0BA3CBEE7F,diabetic,xgboost,15000,505.279705,87.06,3910.485413,44.916739,95.972828,20.800741
20251021-172648,6F963371-8233-4951-B2D0-0B0BA3CBEE7F,diabetic,xgboost,15000,582.115256,98.05,4364.957153,44.515579,95.454706,20.806998
20251021-172832,6F963371-8233-4951-B2D0-0B0BA3CBEE7F,diabetic,xgboost,15000,495.950762,85.05,3769.94281,44.32601,95.66307,20.797296
20251021-173002,6F963371-8233-4951-B2D0-0B0BA3CBEE7F,diabetic,xgboost,15000,575.530041,96.86,4315.078064,44.550366,96.506759,20.810711
20251021-173145,6F963371-8233-4951-B2D0-0B0BA3CBEE7F,diabetic,xgboost,15000,493.686361,84.85,3766.224976,44.386195,95.593291,20.801679
20251021-173316,6F963371-8233-4951-B2D0-0B0BA3CBEE7F,diabetic,xgboost,15000,540.797271,101.28,4304.262695,42.499786,87.577359,20.809778
20251021-173503,6F963371-8233-4951-B2D0-0B0BA3CBEE7F,diabetic,xgboost,15000,535.515044,91.05,4055.480713,44.53964,96.472054,20.80994
20251021-173639,6F963371-8233-4951-B2D0-0B0BA3CBEE7F,diabetic,xgboost,15000,537.624352,91.25,4059.969421,44.494595,95.86707,20.810848
20251021-173816,6F963371-8233-4951-B2D0-0B0BA3CBEE7F,diabetic,xgboost,15000,570.969821,96.26,4296.206543,44.631235,96.257553,20.81755
20251021-173958,6F963371-8233-4951-B2D0-0B0BA3CBEE7F,diabetic,xgboost,15000,497.391904,101.27,4144.382385,40.923892,81.123261,20.810963
20251021-174145,6F963371-8233-4951-B2D0-0B0BA3CBEE7F,diabetic,xgboost,15000,538.874638,91.64,4070.027771,44.412748,95.550791,20.817917
20251021-174323,6F963371-8233-4951-B2D0-0B0BA3CBEE7F,diabetic,xgboost,15000,493.002497,101.24,4102.634338,40.523882,80.839106,20.814028
20251021-174510,6F963371-8233-4951-B2D0-0B0BA3CBEE7F,diabetic,xgboost,15000,538.622679,91.45,4067.585876,44.479725,95.785754,20.818042
20251021-174647,6F963371-8233-4951-B2D0-0B0BA3CBEE7F,diabetic,xgboost,15000,515.730911,88.66,3960.631958,44.67275,95.887991,20.819944
20251021-174821,6F963371-8233-4951-B2D0-0B0BA3CBEE7F,diabetic,xgboost,15000,540.748392,92.17,4128.524353,44.790725,95.65006,20.826103
20251021-174959,6F963371-8233-4951-B2D0-0B0BA3CBEE7F,diabetic,xgboost,15000,497.64436,85.25,3781.762939,44.360078,95.592423,20.811407
20251021-175130,6F963371-8233-4951-B2D0-0B0BA3CBEE7F,diabetic,xgboost,15000,555.330993,94.47,4223.548584,44.709613,96.098219,20.819659
20251021-175310,6F963371-8233-4951-B2D0-0B0BA3CBEE7F,diabetic,xgboost,15000,541.334701,92.08,4089.14801,44.406754,95.567161,20.816795
20251021-175448,6F963371-8233-4951-B2D0-0B0BA3CBEE7F,diabetic,xgboost,15000,539.266949,91.68,4079.114502,44.493906,95.642123,20.818967
20251021-175625,6F963371-8233-4951-B2D0-0B0BA3CBEE7F,diabetic,xgboost,15000,559.498302,94.46,4224.197083,44.719768,96.065317,20.821243
20251021-175806,6F963371-8233-4951-B2D0-0B0BA3CBEE7F,diabetic,xgboost,15000,492.007096,84.45,3756.39978,44.48301,95.68096,20.814643
20251021-175936,6F963371-8233-4951-B2D0-0B0BA3CBEE7F,diabetic,xgboost,15000,564.280256,95.27,4259.89856,44.712174,96.075591,20.822874
20251021-185606,4DE68578-66F5-4563-8449-456246487EDA,healthcare-dataset-stroke,xgboost,15000,252.929267,49.83,2181.755127,43.782917,91.174216,20.853218
20251021-185702,4DE68578-66F5-4563-8449-456246487EDA,healthcare-dataset-stroke,xgboost,15000,282.51841,53.03,2313.020386,43.61629,93.195183,20.855428
20251021-185800,4DE68578-66F5-4563-8449-456246487EDA,healthcare-dataset-stroke,xgboost,15000,329.842189,60.04,2638.226379,43.941148,94.086011,20.862071
20251021-185906,4DE68578-66F5-4563-8449-456246487EDA,healthcare-dataset-stroke,xgboost,15000,330.269277,60.03,2628.001343,43.779046,94.085012,20.864616
20251021-190012,4DE68578-66F5-4563-8449-456246487EDA,healthcare-dataset-stroke,xgboost,15000,329.847243,60.05,2631.19397,43.819147,93.770613,20.860835
20251021-190118,4DE68578-66F5-4563-8449-456246487EDA,healthcare-dataset-stroke,xgboost,15000,334.533942,60.23,2650.686157,44.010886,94.204901,20.86446
20251021-190224,4DE68578-66F5-4563-8449-456246487EDA,healthcare-dataset-stroke,xgboost,15000,328.374558,59.84,2629.53949,43.942959,94.452194,20.866324
20251021-190329,4DE68578-66F5-4563-8449-456246487EDA,healthcare-dataset-stroke,xgboost,15000,333.375904,60.08,2651.704285,44.136407,94.413286,20.865493
20251021-190435,4DE68578-66F5-4563-8449-456246487EDA,healthcare-dataset-stroke,xgboost,15000,337.834851,60.25,2676.392517,44.422529,95.611251,20.868223
20251021-190541,4DE68578-66F5-4563-8449-456246487EDA,healthcare-dataset-stroke,xgboost,15000,281.490402,52.64,2309.996582,43.881147,94.028997,20.859553
20251021-190639,4DE68578-66F5-4563-8449-456246487EDA,healthcare-dataset-stroke,xgboost,15000,238.143934,46.22,2014.428406,43.57951,92.490783,20.849472
20251021-190731,4DE68578-66F5-4563-8449-456246487EDA,healthcare-dataset-stroke,xgboost,15000,234.728189,61.23,2328.260986,38.024123,70.999134,20.856108
20251021-190838,4DE68578-66F5-4563-8449-456246487EDA,healthcare-dataset-stroke,xgboost,15000,248.076817,48.42,2140.467712,44.201863,93.858606,20.860338
20251021-190932,4DE68578-66F5-4563-8449-456246487EDA,healthcare-dataset-stroke,xgboost,15000,283.504541,53.03,2310.975464,43.580359,92.94849,20.861659
20251021-191031,4DE68578-66F5-4563-8449-456246487EDA,healthcare-dataset-stroke,xgboost,15000,317.776148,58.27,2568.056946,44.073757,94.614104,20.873381
20251021-191139,4DE68578-66F5-4563-8449-456246487EDA,healthcare-dataset-stroke,xgboost,15000,330.541105,60.03,2636.480896,43.917891,94.617828,20.874981
20251021-191245,4DE68578-66F5-4563-8449-456246487EDA,healthcare-dataset-stroke,xgboost,15000,333.422107,60.03,2649.173523,44.131268,95.40221,20.875425
20251021-191351,4DE68578-66F5-4563-8449-456246487EDA,healthcare-dataset-stroke,xgboost,15000,330.01132,60.04,2635.557678,43.897455,94.085202,20.872893
20251021-191457,4DE68578-66F5-4563-8449-456246487EDA,healthcare-dataset-stroke,xgboost,15000,335.965891,60.04,2660.065735,44.306919,95.261344,20.875053
20251021-191602,4DE68578-66F5-4563-8449-456246487EDA,healthcare-dataset-stroke,xgboost,15000,330.076553,60.05,2632.301453,43.837702,93.897159,20.875207
20251021-191708,4DE68578-66F5-4563-8449-456246487EDA,healthcare-dataset-stroke,xgboost,15000,281.736623,52.88,2324.803894,43.962767,93.053262,20.873362
20251021-191807,4DE68578-66F5-4563-8449-456246487EDA,healthcare-dataset-stroke,xgboost,15000,266.541221,50.82,2228.965515,43.85654,92.937809,20.869604
20251021-191903,4DE68578-66F5-4563-8449-456246487EDA,healthcare-dataset-stroke,xgboost,15000,283.241701,53.03,2326.525513,43.871002,94.256318,20.8684
20251021-192002,4DE68578-66F5-4563-8449-456246487EDA,healthcare-dataset-stroke,xgboost,15000,245.298256,47.44,2079.925537,43.843154,94.177456,20.862298
20251021-192055,4DE68578-66F5-4563-8449-456246487EDA,healthcare-dataset-stroke,xgboost,15000,284.816203,53.25,2334.395813,43.839827,93.728716,20.870988
20251021-192154,4DE68578-66F5-4563-8449-456246487EDA,healthcare-dataset-stroke,xgboost,15000,333.800679,60.03,2642.969971,44.027372,94.741652,20.88041
20251021-192300,4DE68578-66F5-4563-8449-456246487EDA,healthcare-dataset-stroke,xgboost,15000,330.488712,60.04,2637.474243,43.930854,94.28827,20.883129
20251021-192406,4DE68578-66F5-4563-8449-456246487EDA,healthcare-dataset-stroke,xgboost,15000,328.000193,59.64,2624.022278,43.996639,93.838398,20.886258
20251021-192511,4DE68578-66F5-4563-8449-456246487EDA,healthcare-dataset-stroke,xgboost,15000,330.230887,61.25,2663.744934,43.493235,92.440611,20.884963
20251021-192618,4DE68578-66F5-4563-8449-456246487EDA,healthcare-dataset-stroke,xgboost,15000,331.544683,60.06,2641.457092,43.982531,94.011585,20.88503
20251021-193101,77427803-6386-4368-9D2F-C59EF47F036D,UNSW_NB15_merged,xgboost,15000,557.42632,94.44,4182.19281,44.284918,95.013509,20.88153
20251021-193241,77427803-6386-4368-9D2F-C59EF47F036D,UNSW_NB15_merged,xgboost,15000,524.154472,89.64,3968.101501,44.265125,94.664014,20.88104
20251021-193416,77427803-6386-4368-9D2F-C59EF47F036D,UNSW_NB15_merged,xgboost,14912,601.314617,100.07,4449.041992,44.460183,95.862372,20.890612
20251021-193710,122AD1BC-7DF6-4EAE-A301-9D1A9D9EC18B,UNSW_NB15_merged,xgboost,15000,533.785752,91.07,4044.819763,44.413548,94.864966,20.883157
20251021-193847,122AD1BC-7DF6-4EAE-A301-9D1A9D9EC18B,UNSW_NB15_merged,xgboost,15000,601.837116,101.27,4423.005615,43.674531,94.962479,20.890904
20251021-194034,122AD1BC-7DF6-4EAE-A301-9D1A9D9EC18B,UNSW_NB15_merged,xgboost,15000,525.691306,89.86,3917.070007,43.591613,95.601148,20.886072
20251021-194211,122AD1BC-7DF6-4EAE-A301-9D1A9D9EC18B,UNSW_NB15_merged,xgboost,15000,598.766828,101.06,4399.087585,43.52784,94.962658,20.897765
20251021-194358,122AD1BC-7DF6-4EAE-A301-9D1A9D9EC18B,UNSW_NB15_merged,xgboost,15000,545.356956,93.04,4052.467712,43.55535,95.012804,20.891476
20251021-194537,122AD1BC-7DF6-4EAE-A301-9D1A9D9EC18B,UNSW_NB15_merged,xgboost,15000,608.940238,103.34,4488.389587,43.434689,94.458938,20.898453
20251021-194726,122AD1BC-7DF6-4EAE-A301-9D1A9D9EC18B,UNSW_NB15_merged,xgboost,15000,509.511592,87.25,3819.809265,43.778729,95.250824,20.888901
20251021-194859,122AD1BC-7DF6-4EAE-A301-9D1A9D9EC18B,UNSW_NB15_merged,xgboost,15000,580.477204,98.45,4314.821777,43.825893,95.571075,20.900568
20251021-195043,122AD1BC-7DF6-4EAE-A301-9D1A9D9EC18B,UNSW_NB15_merged,xgboost,15000,549.994225,93.49,4079.725525,43.635785,95.3873,20.891432
20251021-195222,122AD1BC-7DF6-4EAE-A301-9D1A9D9EC18B,UNSW_NB15_merged,xgboost,14978,619.338732,103.47,4509.929321,43.585149,95.347382,20.893199
20251021-195411,122AD1BC-7DF6-4EAE-A301-9D1A9D9EC18B,UNSW_NB15_merged,xgboost,15000,531.011986,90.64,3923.49762,43.287156,94.991437,20.889072
20251021-195548,122AD1BC-7DF6-4EAE-A301-9D1A9D9EC18B,UNSW_NB15_merged,xgboost,15000,578.529802,98.47,4296.298584,43.631074,94.954305,20.896149
20251021-195732,122AD1BC-7DF6-4EAE-A301-9D1A9D9EC18B,UNSW_NB15_merged,xgboost,15000,542.696013,103.29,4178.938171,40.458763,85.18885,20.891842
20251021-195921,122AD1BC-7DF6-4EAE-A301-9D1A9D9EC18B,UNSW_NB15_merged,xgboost,14714,630.931571,103.47,4564.494446,44.112513,95.546154,20.9056
20251021-200110,122AD1BC-7DF6-4EAE-A301-9D1A9D9EC18B,UNSW_NB15_merged,xgboost,15000,518.738932,88.64,3821.09137,43.106944,94.552395,20.890522
20251021-200244,122AD1BC-7DF6-4EAE-A301-9D1A9D9EC18B,UNSW_NB15_merged,xgboost,14789,629.700059,103.90,4567.709229,43.961355,95.714549,20.909495
20251021-200434,122AD1BC-7DF6-4EAE-A301-9D1A9D9EC18B,UNSW_NB15_merged,xgboost,15000,537.222352,91.46,3957.32135,43.268518,95.117682,20.892329
20251021-200609,122AD1BC-7DF6-4EAE-A301-9D1A9D9EC18B,UNSW_NB15_merged,xgboost,15000,617.737762,103.28,4538.139526,43.938861,95.766828,20.906348
20251021-200858,F5E73D44-ED72-4C95-A18D-9FE0807A136F,UNSW_NB15_merged,xgboost,15000,510.238528,87.44,3782.330688,43.254153,95.076999,20.89647
20251021-201031,F5E73D44-ED72-4C95-A18D-9FE0807A136F,UNSW_NB15_merged,xgboost,15000,605.078161,101.47,4431.310669,43.671236,95.22449,20.906965
20251021-201218,F5E73D44-ED72-4C95-A18D-9FE0807A136F,UNSW_NB15_merged,xgboost,15000,521.520204,89.24,3857.161804,43.220095,94.84869,20.900329
20251021-201353,F5E73D44-ED72-4C95-A18D-9FE0807A136F,UNSW_NB15_merged,xgboost,15000,565.682625,95.70,4235.203735,44.25506,95.341564,20.906694
20251021-201534,F5E73D44-ED72-4C95-A18D-9FE0807A136F,UNSW_NB15_merged,xgboost,15000,557.292587,94.65,4201.6203,44.393009,94.899832,20.908003
20251021-201715,F5E73D44-ED72-4C95-A18D-9FE0807A136F,UNSW_NB15_merged,xgboost,15000,560.589707,95.06,4210.90625,44.297874,94.264174,20.907599
20251021-201855,F5E73D44-ED72-4C95-A18D-9FE0807A136F,UNSW_NB15_merged,xgboost,15000,565.619311,111.28,4472.156616,40.187041,81.404169,20.904605
20251021-202054,F5E73D44-ED72-4C95-A18D-9FE0807A136F,UNSW_NB15_merged,xgboost,15000,638.252058,106.46,4749.964478,44.618968,95.451292,20.92166
20251021-202247,F5E73D44-ED72-4C95-A18D-9FE0807A136F,UNSW_NB15_merged,xgboost,15000,515.169584,88.24,3908.146851,44.289706,94.561346,20.905349
20251021-202421,F5E73D44-ED72-4C95-A18D-9FE0807A136F,UNSW_NB15_merged,xgboost,15000,628.034667,105.25,4672.073181,44.390974,95.575618,20.921811
