dataset,model,roc_auc,pr_auc,accuracy,precision,recall,f1,tp,fp,tn,fn,train_time_s,infer_time_s,timestamp
diabetic,CatBoost,0.6953867621692545,0.5169974016591825,0.6326520585634273,0.4817351598173516,0.6826557884371923,0.5648606180527266,4853,5221,8024,2256,1.536722359014675,0.0048524670419283,2025-10-20T20:14:39
diabetic,XGBoost,0.6890244720336797,0.5079811803705504,0.6339785791490616,0.4825110267719766,0.6616964411309607,0.5580733183058488,4704,5045,8200,2405,0.5042524929740466,0.0155170930083841,2025-10-20T20:14:40
diabetic,LightGBM,0.6905655085209593,0.5094971488301012,0.632995971307851,0.4816210161897973,0.665353776902518,0.5587714116952156,4730,5091,8154,2379,0.8195839570253156,0.0454671750194393,2025-10-20T20:14:41
credit_card_transactions,CatBoost,0.9753587821202035,0.4680175255775636,0.9402780187787996,0.0799447414259114,0.8867421718854097,0.1466666666666666,1331,15318,242516,170,20.20159680600045,0.0244446960277855,2025-10-20T20:15:07
credit_card_transactions,XGBoost,0.9832478152165384,0.6124044449724481,0.9667881311816762,0.1357303831182134,0.882744836775483,0.2352836722010121,1325,8437,249397,176,7.677412825985812,0.141447044967208,2025-10-20T20:15:15
credit_card_transactions,LightGBM,0.8773548435331067,0.0388413350450283,0.8917461970038753,0.0436858192808325,0.8474350433044637,0.0830883793846756,1272,27845,229989,229,4.186948629037943,0.4676995539921336,2025-10-20T20:15:20
UNSW_NB15_merged,CatBoost,0.9880706091013416,0.9933894729239616,0.9352478897836422,0.947992976932857,0.9508425686959162,0.9494156346162592,31316,1718,16882,1619,4.652229193015955,0.0068768450291827,2025-10-20T20:15:29
UNSW_NB15_merged,XGBoost,0.9887098512710764,0.9937818305546764,0.937945085863976,0.951586940015186,0.9512980112342492,0.9514424536896448,31331,1594,17006,1604,1.3297951470012777,0.030288636975456,2025-10-20T20:15:31
UNSW_NB15_merged,LightGBM,0.9887534145947297,0.9937864499295572,0.936877850004851,0.950820170109356,0.9503871261575833,0.9506035988155797,31301,1619,16981,1634,1.6561466000275686,0.1032949740183539,2025-10-20T20:15:33
healthcare-dataset-stroke,CatBoost,0.7879835390946502,0.1511850896112488,0.9168297455968688,0.2131147540983606,0.26,0.2342342342342342,13,48,924,37,0.4976648290175944,0.0008615190163254,2025-10-20T20:15:35
healthcare-dataset-stroke,XGBoost,0.8148971193415638,0.1752013345917606,0.9324853228962818,0.1935483870967742,0.12,0.1481481481481481,6,25,947,44,0.178150859021116,0.0017287189839407,2025-10-20T20:15:35
healthcare-dataset-stroke,LightGBM,0.8076543209876543,0.1878628660065406,0.9324853228962818,0.2564102564102564,0.2,0.2247191011235955,10,29,943,40,0.1542019980261102,0.0052031580125913,2025-10-20T20:15:35
diabetic,CatBoost,0.6953867621692545,0.5169974016591825,0.6326520585634273,0.4817351598173516,0.6826557884371923,0.5648606180527266,4853,5221,8024,2256,1.846377888985444,0.0068163870018906,2025-10-20T22:16:42
diabetic,XGBoost,0.6890244720336797,0.5079811803705504,0.6339785791490616,0.4825110267719766,0.6616964411309607,0.5580733183058488,4704,5045,8200,2405,0.7400213200016879,0.0178439909941516,2025-10-20T22:16:43
diabetic,LightGBM,0.6905655085209593,0.5094971488301012,0.632995971307851,0.4816210161897973,0.665353776902518,0.5587714116952156,4730,5091,8154,2379,1.4811683949665166,0.0486467119771987,2025-10-20T22:16:45
credit_card_transactions,CatBoost,0.9753587821202035,0.4680175255775636,0.9402780187787996,0.0799447414259114,0.8867421718854097,0.1466666666666666,1331,15318,242516,170,19.48209902102826,0.026647028978914,2025-10-20T22:17:11
credit_card_transactions,XGBoost,0.9832478152165384,0.6124044449724481,0.9667881311816762,0.1357303831182134,0.882744836775483,0.2352836722010121,1325,8437,249397,176,7.385006361990236,0.2310207589762285,2025-10-20T22:17:19
credit_card_transactions,LightGBM,0.8773548435331067,0.0388413350450283,0.8917461970038753,0.0436858192808325,0.8474350433044637,0.0830883793846756,1272,27845,229989,229,6.737831083009951,1.6487065670080483,2025-10-20T22:17:27
UNSW_NB15_merged,CatBoost,0.9880706091013416,0.9933894729239616,0.9352478897836422,0.947992976932857,0.9508425686959162,0.9494156346162592,31316,1718,16882,1619,5.673340024950448,0.0105829139938578,2025-10-20T22:17:39
UNSW_NB15_merged,XGBoost,0.9887098512710764,0.9937818305546764,0.937945085863976,0.951586940015186,0.9512980112342492,0.9514424536896448,31331,1594,17006,1604,2.13224025600357,0.0456780690001323,2025-10-20T22:17:42
UNSW_NB15_merged,LightGBM,0.9887534145947297,0.9937864499295572,0.936877850004851,0.950820170109356,0.9503871261575833,0.9506035988155797,31301,1619,16981,1634,2.4377964040031657,0.1911506599863059,2025-10-20T22:17:44
healthcare-dataset-stroke,CatBoost,0.7879835390946502,0.1511850896112488,0.9168297455968688,0.2131147540983606,0.26,0.2342342342342342,13,48,924,37,0.7638051459798589,0.0014655790291726,2025-10-20T22:17:49
healthcare-dataset-stroke,XGBoost,0.8148971193415638,0.1752013345917606,0.9324853228962818,0.1935483870967742,0.12,0.1481481481481481,6,25,947,44,0.3142534359940327,0.0033905559685081,2025-10-20T22:17:49
healthcare-dataset-stroke,LightGBM,0.8076543209876543,0.1878628660065406,0.9324853228962818,0.2564102564102564,0.2,0.2247191011235955,10,29,943,40,0.5806232210015878,0.0114851690013892,2025-10-20T22:17:50
diabetic,CatBoost,0.6953867621692545,0.5169974016591825,0.6326520585634273,0.4817351598173516,0.6826557884371923,0.5648606180527266,4853,5221,8024,2256,1.410546555009205,0.0053122930112294,2025-10-21T22:34:25
diabetic,XGBoost,0.6890244720336797,0.5079811803705504,0.6339785791490616,0.4825110267719766,0.6616964411309607,0.5580733183058488,4704,5045,8200,2405,0.4103994810138829,0.0109031330212019,2025-10-21T22:34:25
diabetic,LightGBM,0.6905655085209593,0.5094971488301012,0.632995971307851,0.4816210161897973,0.665353776902518,0.5587714116952156,4730,5091,8154,2379,0.4090256309718825,0.0461459740181453,2025-10-21T22:34:25
credit_card_transactions,CatBoost,0.9753587821202035,0.4680175255775636,0.9402780187787996,0.0799447414259114,0.8867421718854097,0.1466666666666666,1331,15318,242516,170,16.395788610039745,0.016148624010384,2025-10-21T22:34:47
credit_card_transactions,XGBoost,0.9832478152165384,0.6124044449724481,0.9667881311816762,0.1357303831182134,0.882744836775483,0.2352836722010121,1325,8437,249397,176,5.123915888019837,0.1102336359908804,2025-10-21T22:34:52
credit_card_transactions,LightGBM,0.8773548435331067,0.0388413350450283,0.8917461970038753,0.0436858192808325,0.8474350433044637,0.0830883793846756,1272,27845,229989,229,2.833978570997715,0.4068323350511491,2025-10-21T22:34:56
UNSW_NB15_merged,CatBoost,0.9880706091013416,0.9933894729239616,0.9352478897836422,0.947992976932857,0.9508425686959162,0.9494156346162592,31316,1718,16882,1619,3.2519378750002943,0.0057230509701184,2025-10-21T22:35:02
UNSW_NB15_merged,XGBoost,0.9887098512710764,0.9937818305546764,0.937945085863976,0.951586940015186,0.9512980112342492,0.9514424536896448,31331,1594,17006,1604,1.0122031969949603,0.0284813430043868,2025-10-21T22:35:03
UNSW_NB15_merged,LightGBM,0.9887534145947297,0.9937864499295572,0.936877850004851,0.950820170109356,0.9503871261575833,0.9506035988155797,31301,1619,16981,1634,1.2207655379897917,0.1011863190215081,2025-10-21T22:35:04
healthcare-dataset-stroke,CatBoost,0.7879835390946502,0.1511850896112488,0.9168297455968688,0.2131147540983606,0.26,0.2342342342342342,13,48,924,37,0.4721937109716236,0.0007946239784359,2025-10-21T22:35:07
healthcare-dataset-stroke,XGBoost,0.8148971193415638,0.1752013345917606,0.9324853228962818,0.1935483870967742,0.12,0.1481481481481481,6,25,947,44,0.1674594189971685,0.0014373979647643,2025-10-21T22:35:07
healthcare-dataset-stroke,LightGBM,0.8076543209876543,0.1878628660065406,0.9324853228962818,0.2564102564102564,0.2,0.2247191011235955,10,29,943,40,0.1391909249941818,0.0034048730158247,2025-10-21T22:35:07
diabetic,XGBoost,0.6890244720336797,0.5079811803705504,0.6339785791490616,0.4825110267719766,0.6616964411309607,0.5580733183058488,4704,5045,8200,2405,0.641858431044966,0.0160313009982928,2025-10-21T22:56:16
diabetic,CatBoost,0.6953867621692545,0.5169974016591825,0.6326520585634273,0.4817351598173516,0.6826557884371923,0.5648606180527266,4853,5221,8024,2256,1.4211982920533046,0.0048549419734627,2025-10-21T22:56:28
diabetic,LightGBM,0.6905655085209593,0.5094971488301012,0.632995971307851,0.4816210161897973,0.665353776902518,0.5587714116952156,4730,5091,8154,2379,0.4035422219894826,0.0468042939901351,2025-10-21T22:56:38
credit_card_transactions,XGBoost,0.9832478152165384,0.6124044449724481,0.9667881311816762,0.1357303831182134,0.882744836775483,0.2352836722010121,1325,8437,249397,176,5.5775249999715015,0.1120995719684287,2025-10-21T22:56:55
credit_card_transactions,CatBoost,0.9753587821202035,0.4680175255775636,0.9402780187787996,0.0799447414259114,0.8867421718854097,0.1466666666666666,1331,15318,242516,170,16.007857815013267,0.0190395560348406,2025-10-21T22:57:29
credit_card_transactions,LightGBM,0.8773548435331067,0.0388413350450283,0.8917461970038753,0.0436858192808325,0.8474350433044637,0.0830883793846756,1272,27845,229989,229,4.075728355033789,0.6786898319842294,2025-10-21T22:58:07
UNSW_NB15_merged,XGBoost,0.9887098512710764,0.9937818305546764,0.937945085863976,0.951586940015186,0.9512980112342492,0.9514424536896448,31331,1594,17006,1604,1.7939563510008156,0.0358294680481776,2025-10-21T22:58:24
UNSW_NB15_merged,CatBoost,0.9880706091013416,0.9933894729239616,0.9352478897836422,0.947992976932857,0.9508425686959162,0.9494156346162592,31316,1718,16882,1619,3.685845017957036,0.0071913620340637,2025-10-21T22:58:39
UNSW_NB15_merged,LightGBM,0.9887534145947297,0.9937864499295572,0.936877850004851,0.950820170109356,0.9503871261575833,0.9506035988155797,31301,1619,16981,1634,2.0557195660076104,0.1209786540130153,2025-10-21T22:58:55
healthcare-dataset-stroke,XGBoost,0.8148971193415638,0.1752013345917606,0.9324853228962818,0.1935483870967742,0.12,0.1481481481481481,6,25,947,44,0.2035962289664894,0.0014630879741162,2025-10-21T22:59:06
healthcare-dataset-stroke,CatBoost,0.7879835390946502,0.1511850896112488,0.9168297455968688,0.2131147540983606,0.26,0.2342342342342342,13,48,924,37,0.4418412200175226,0.0007900270284153,2025-10-21T22:59:16
healthcare-dataset-stroke,LightGBM,0.8076543209876543,0.1878628660065406,0.9324853228962818,0.2564102564102564,0.2,0.2247191011235955,10,29,943,40,0.1665073779877275,0.0044509239960461,2025-10-21T22:59:25
diabetic,XGBoost,0.6890244720336797,0.5079811803705504,0.6339785791490616,0.4825110267719766,0.6616964411309607,0.5580733183058488,4704,5045,8200,2405,0.3490291539928876,0.0110517249559052,2025-10-21T23:14:43
diabetic,CatBoost,0.6953867621692545,0.5169974016591825,0.6326520585634273,0.4817351598173516,0.6826557884371923,0.5648606180527266,4853,5221,8024,2256,1.827242686995305,0.0031884689815342,2025-10-21T23:14:55
diabetic,LightGBM,0.6905655085209593,0.5094971488301012,0.632995971307851,0.4816210161897973,0.665353776902518,0.5587714116952156,4730,5091,8154,2379,0.4048619579989463,0.0492317609605379,2025-10-21T23:15:06
credit_card_transactions,XGBoost,0.9832478152165384,0.6124044449724481,0.9667881311816762,0.1357303831182134,0.882744836775483,0.2352836722010121,1325,8437,249397,176,5.855118056992069,0.1152936269645579,2025-10-21T23:15:24
credit_card_transactions,CatBoost,0.9753587821202035,0.4680175255775636,0.9402780187787996,0.0799447414259114,0.8867421718854097,0.1466666666666666,1331,15318,242516,170,15.342812673014125,0.015401714015752,2025-10-21T23:15:58
credit_card_transactions,LightGBM,0.8773548435331067,0.0388413350450283,0.8917461970038753,0.0436858192808325,0.8474350433044637,0.0830883793846756,1272,27845,229989,229,5.888253156968858,0.40944869001396,2025-10-21T23:16:34
UNSW_NB15_merged,XGBoost,0.9887098512710764,0.9937818305546764,0.937945085863976,0.951586940015186,0.9512980112342492,0.9514424536896448,31331,1594,17006,1604,1.173463637009263,0.0240719330031424,2025-10-21T23:16:50
UNSW_NB15_merged,CatBoost,0.9880706091013416,0.9933894729239616,0.9352478897836422,0.947992976932857,0.9508425686959162,0.9494156346162592,31316,1718,16882,1619,3.3115272619761527,0.0059635229990817,2025-10-21T23:17:04
UNSW_NB15_merged,LightGBM,0.9887534145947297,0.9937864499295572,0.936877850004851,0.950820170109356,0.9503871261575833,0.9506035988155797,31301,1619,16981,1634,1.4778072470217012,0.1188963819877244,2025-10-21T23:17:19
healthcare-dataset-stroke,XGBoost,0.8148971193415638,0.1752013345917606,0.9324853228962818,0.1935483870967742,0.12,0.1481481481481481,6,25,947,44,0.195657014963217,0.0013281419523991,2025-10-21T23:17:30
healthcare-dataset-stroke,CatBoost,0.7879835390946502,0.1511850896112488,0.9168297455968688,0.2131147540983606,0.26,0.2342342342342342,13,48,924,37,0.6073467959649861,0.0010475719464011,2025-10-21T23:17:40
healthcare-dataset-stroke,LightGBM,0.8076543209876543,0.1878628660065406,0.9324853228962818,0.2564102564102564,0.2,0.2247191011235955,10,29,943,40,0.2736270930035971,0.0069167059846222,2025-10-21T23:17:52
diabetic,XGBoost,0.6890244720336797,0.5079811803705504,0.6339785791490616,0.4825110267719766,0.6616964411309607,0.5580733183058488,4704,5045,8200,2405,0.7046175620052963,0.0146229460369795,2025-10-22T01:24:51
diabetic,CatBoost,0.6953867621692545,0.5169974016591825,0.6326520585634273,0.4817351598173516,0.6826557884371923,0.5648606180527266,4853,5221,8024,2256,3.302984945010394,0.0084702770109288,2025-10-22T01:25:06
diabetic,LightGBM,0.6905655085209593,0.5094971488301012,0.632995971307851,0.4816210161897973,0.665353776902518,0.5587714116952156,4730,5091,8154,2379,0.8643491619732231,0.047949592990335,2025-10-22T01:25:19
credit_card_transactions,XGBoost,0.9832478152165384,0.6124044449724481,0.9667881311816762,0.1357303831182134,0.882744836775483,0.2352836722010121,1325,8437,249397,176,5.094187340990175,0.1774075260036625,2025-10-22T01:25:37
credit_card_transactions,CatBoost,0.9753587821202035,0.4680175255775636,0.9402780187787996,0.0799447414259114,0.8867421718854097,0.1466666666666666,1331,15318,242516,170,16.966723145975266,0.0167264449992217,2025-10-22T01:26:12
credit_card_transactions,LightGBM,0.8773548435331067,0.0388413350450283,0.8917461970038753,0.0436858192808325,0.8474350433044637,0.0830883793846756,1272,27845,229989,229,2.9068042160361074,0.4753167679882608,2025-10-22T01:26:44
UNSW_NB15_merged,XGBoost,0.9887098512710764,0.9937818305546764,0.937945085863976,0.951586940015186,0.9512980112342492,0.9514424536896448,31331,1594,17006,1604,1.171808589017019,0.0338189160102047,2025-10-22T01:26:58
UNSW_NB15_merged,CatBoost,0.9880706091013416,0.9933894729239616,0.9352478897836422,0.947992976932857,0.9508425686959162,0.9494156346162592,31316,1718,16882,1619,3.377767311001662,0.0060242839972488,2025-10-22T01:27:13
UNSW_NB15_merged,LightGBM,0.9887534145947297,0.9937864499295572,0.936877850004851,0.950820170109356,0.9503871261575833,0.9506035988155797,31301,1619,16981,1634,1.0182497089845128,0.1103458569850772,2025-10-22T01:27:27
healthcare-dataset-stroke,XGBoost,0.8148971193415638,0.1752013345917606,0.9324853228962818,0.1935483870967742,0.12,0.1481481481481481,6,25,947,44,0.1415943109896034,0.0013193420018069,2025-10-22T01:27:38
diabetic,XGBoost,0.6890244720336797,0.5079811803705504,0.6339785791490616,0.4825110267719766,0.6616964411309607,0.5580733183058488,4704,5045,8200,2405,0.4079637269605882,0.0103950779885053,2025-10-22T01:28:17
diabetic,CatBoost,0.6953867621692545,0.5169974016591825,0.6326520585634273,0.4817351598173516,0.6826557884371923,0.5648606180527266,4853,5221,8024,2256,1.304856114962604,0.0027360810199752,2025-10-22T01:28:28
diabetic,LightGBM,0.6905655085209593,0.5094971488301012,0.632995971307851,0.4816210161897973,0.665353776902518,0.5587714116952156,4730,5091,8154,2379,0.5811393209733069,0.0426346199819818,2025-10-22T01:28:39
credit_card_transactions,XGBoost,0.9832478152165384,0.6124044449724481,0.9667881311816762,0.1357303831182134,0.882744836775483,0.2352836722010121,1325,8437,249397,176,5.017242278030608,0.1124272089800797,2025-10-22T01:28:57
credit_card_transactions,CatBoost,0.9753587821202035,0.4680175255775636,0.9402780187787996,0.0799447414259114,0.8867421718854097,0.1466666666666666,1331,15318,242516,170,15.786789220001085,0.0152301350026391,2025-10-22T01:29:30
credit_card_transactions,LightGBM,0.8773548435331067,0.0388413350450283,0.8917461970038753,0.0436858192808325,0.8474350433044637,0.0830883793846756,1272,27845,229989,229,3.2184783080010675,0.5010332899983041,2025-10-22T01:30:01
UNSW_NB15_merged,XGBoost,0.9887098512710764,0.9937818305546764,0.937945085863976,0.951586940015186,0.9512980112342492,0.9514424536896448,31331,1594,17006,1604,1.3740610890090466,0.0339345740503631,2025-10-22T01:30:16
UNSW_NB15_merged,CatBoost,0.9880706091013416,0.9933894729239616,0.9352478897836422,0.947992976932857,0.9508425686959162,0.9494156346162592,31316,1718,16882,1619,3.743591805978213,0.0065604139817878,2025-10-22T01:30:31
UNSW_NB15_merged,LightGBM,0.9887534145947297,0.9937864499295572,0.936877850004851,0.950820170109356,0.9503871261575833,0.9506035988155797,31301,1619,16981,1634,1.5259175159735603,0.1193619259865954,2025-10-22T01:30:45
healthcare-dataset-stroke,XGBoost,0.8148971193415638,0.1752013345917606,0.9324853228962818,0.1935483870967742,0.12,0.1481481481481481,6,25,947,44,0.1513620159821584,0.0013472530408762,2025-10-22T01:30:56
healthcare-dataset-stroke,CatBoost,0.7879835390946502,0.1511850896112488,0.9168297455968688,0.2131147540983606,0.26,0.2342342342342342,13,48,924,37,0.4475732729770243,0.0008390810107812,2025-10-22T01:31:06
healthcare-dataset-stroke,LightGBM,0.8076543209876543,0.1878628660065406,0.9324853228962818,0.2564102564102564,0.2,0.2247191011235955,10,29,943,40,0.4475504650035873,0.0045369080035015,2025-10-22T01:31:15
diabetic,XGBoost,0.6890244720336797,0.5079811803705504,0.6339785791490616,0.4825110267719766,0.6616964411309607,0.5580733183058488,4704,5045,8200,2405,0.6072365809814073,0.0092231379821896,2025-10-22T01:31:26
diabetic,CatBoost,0.6953867621692545,0.5169974016591825,0.6326520585634273,0.4817351598173516,0.6826557884371923,0.5648606180527266,4853,5221,8024,2256,1.4718000529683195,0.0026612280053086,2025-10-22T01:31:37
diabetic,LightGBM,0.6905655085209593,0.5094971488301012,0.632995971307851,0.4816210161897973,0.665353776902518,0.5587714116952156,4730,5091,8154,2379,0.4048074669553898,0.0391894180211238,2025-10-22T01:31:48
credit_card_transactions,XGBoost,0.9832478152165384,0.6124044449724481,0.9667881311816762,0.1357303831182134,0.882744836775483,0.2352836722010121,1325,8437,249397,176,5.018062035029288,0.1132665500044822,2025-10-22T01:32:05
credit_card_transactions,CatBoost,0.9753587821202035,0.4680175255775636,0.9402780187787996,0.0799447414259114,0.8867421718854097,0.1466666666666666,1331,15318,242516,170,16.08233584498521,0.0184506319928914,2025-10-22T01:32:38
credit_card_transactions,LightGBM,0.8773548435331067,0.0388413350450283,0.8917461970038753,0.0436858192808325,0.8474350433044637,0.0830883793846756,1272,27845,229989,229,4.391026085999329,0.7417421359568834,2025-10-22T01:33:18
UNSW_NB15_merged,XGBoost,0.9887098512710764,0.9937818305546764,0.937945085863976,0.951586940015186,0.9512980112342492,0.9514424536896448,31331,1594,17006,1604,1.961712043965236,0.037532115005888,2025-10-22T01:33:35
UNSW_NB15_merged,CatBoost,0.9880706091013416,0.9933894729239616,0.9352478897836422,0.947992976932857,0.9508425686959162,0.9494156346162592,31316,1718,16882,1619,4.081971636973321,0.0075233239913359,2025-10-22T01:33:51
UNSW_NB15_merged,LightGBM,0.9887534145947297,0.9937864499295572,0.936877850004851,0.950820170109356,0.9503871261575833,0.9506035988155797,31301,1619,16981,1634,2.214932620001491,0.1351325159776024,2025-10-22T01:34:09
healthcare-dataset-stroke,XGBoost,0.8148971193415638,0.1752013345917606,0.9324853228962818,0.1935483870967742,0.12,0.1481481481481481,6,25,947,44,0.1992980579962022,0.0017788109835237,2025-10-22T01:34:20
healthcare-dataset-stroke,CatBoost,0.7879835390946502,0.1511850896112488,0.9168297455968688,0.2131147540983606,0.26,0.2342342342342342,13,48,924,37,0.4549270349671133,0.0007531720330007,2025-10-22T01:34:30
healthcare-dataset-stroke,LightGBM,0.8076543209876543,0.1878628660065406,0.9324853228962818,0.2564102564102564,0.2,0.2247191011235955,10,29,943,40,0.1321325610042549,0.0033091289806179,2025-10-22T01:34:39
diabetic,XGBoost,0.6890244720336797,0.5079811803705504,0.6339785791490616,0.4825110267719766,0.6616964411309607,0.5580733183058488,4704,5045,8200,2405,0.3464967490290291,0.0111396540305577,2025-10-22T01:34:49
diabetic,CatBoost,0.6953867621692545,0.5169974016591825,0.6326520585634273,0.4817351598173516,0.6826557884371923,0.5648606180527266,4853,5221,8024,2256,1.3378167849732563,0.0028223659610375,2025-10-22T01:35:00
diabetic,LightGBM,0.6905655085209593,0.5094971488301012,0.632995971307851,0.4816210161897973,0.665353776902518,0.5587714116952156,4730,5091,8154,2379,0.3820935689727776,0.0422253809520043,2025-10-22T01:35:11
credit_card_transactions,XGBoost,0.9832478152165384,0.6124044449724481,0.9667881311816762,0.1357303831182134,0.882744836775483,0.2352836722010121,1325,8437,249397,176,4.956362058990635,0.1107864020159468,2025-10-22T01:35:28
credit_card_transactions,CatBoost,0.9753587821202035,0.4680175255775636,0.9402780187787996,0.0799447414259114,0.8867421718854097,0.1466666666666666,1331,15318,242516,170,15.64214507699944,0.0204953450011089,2025-10-22T01:36:01
credit_card_transactions,LightGBM,0.8773548435331067,0.0388413350450283,0.8917461970038753,0.0436858192808325,0.8474350433044637,0.0830883793846756,1272,27845,229989,229,4.349178032018244,0.8175779140437953,2025-10-22T01:36:40
UNSW_NB15_merged,XGBoost,0.9887098512710764,0.9937818305546764,0.937945085863976,0.951586940015186,0.9512980112342492,0.9514424536896448,31331,1594,17006,1604,1.84622137399856,0.0391073309583589,2025-10-22T01:36:58
UNSW_NB15_merged,CatBoost,0.9880706091013416,0.9933894729239616,0.9352478897836422,0.947992976932857,0.9508425686959162,0.9494156346162592,31316,1718,16882,1619,4.267398373980541,0.0072322049527429,2025-10-22T01:37:14
UNSW_NB15_merged,LightGBM,0.9887534145947297,0.9937864499295572,0.936877850004851,0.950820170109356,0.9503871261575833,0.9506035988155797,31301,1619,16981,1634,2.191878295969218,0.12694108200958,2025-10-22T01:37:31
healthcare-dataset-stroke,XGBoost,0.8148971193415638,0.1752013345917606,0.9324853228962818,0.1935483870967742,0.12,0.1481481481481481,6,25,947,44,0.180208624980878,0.0016173319891095,2025-10-22T01:37:42
healthcare-dataset-stroke,CatBoost,0.7879835390946502,0.1511850896112488,0.9168297455968688,0.2131147540983606,0.26,0.2342342342342342,13,48,924,37,0.4445728680002503,0.0007696770480833,2025-10-22T01:37:52
healthcare-dataset-stroke,LightGBM,0.8076543209876543,0.1878628660065406,0.9324853228962818,0.2564102564102564,0.2,0.2247191011235955,10,29,943,40,0.1351352530182339,0.0041721810121089,2025-10-22T01:38:01
diabetic,XGBoost,0.6890244720336797,0.5079811803705504,0.6339785791490616,0.4825110267719766,0.6616964411309607,0.5580733183058488,4704,5045,8200,2405,0.3363114969688467,0.0097359830397181,2025-10-22T01:38:11
diabetic,CatBoost,0.6953867621692545,0.5169974016591825,0.6326520585634273,0.4817351598173516,0.6826557884371923,0.5648606180527266,4853,5221,8024,2256,1.323762711021118,0.0029173030052334,2025-10-22T01:38:21
diabetic,LightGBM,0.6905655085209593,0.5094971488301012,0.632995971307851,0.4816210161897973,0.665353776902518,0.5587714116952156,4730,5091,8154,2379,0.3874776960001327,0.0387326299678534,2025-10-22T01:38:32
credit_card_transactions,XGBoost,0.9832478152165384,0.6124044449724481,0.9667881311816762,0.1357303831182134,0.882744836775483,0.2352836722010121,1325,8437,249397,176,5.002873994992115,0.1137134709861129,2025-10-22T01:38:50
credit_card_transactions,CatBoost,0.9753587821202035,0.4680175255775636,0.9402780187787996,0.0799447414259114,0.8867421718854097,0.1466666666666666,1331,15318,242516,170,15.568932986992875,0.02033292199485,2025-10-22T01:39:22
credit_card_transactions,LightGBM,0.8773548435331067,0.0388413350450283,0.8917461970038753,0.0436858192808325,0.8474350433044637,0.0830883793846756,1272,27845,229989,229,4.784211446007248,0.7710198169806972,2025-10-22T01:40:01
UNSW_NB15_merged,XGBoost,0.9887098512710764,0.9937818305546764,0.937945085863976,0.951586940015186,0.9512980112342492,0.9514424536896448,31331,1594,17006,1604,1.7734167450107634,0.038443480967544,2025-10-22T01:40:19
UNSW_NB15_merged,CatBoost,0.9880706091013416,0.9933894729239616,0.9352478897836422,0.947992976932857,0.9508425686959162,0.9494156346162592,31316,1718,16882,1619,4.098519329971168,0.0076255129533819,2025-10-22T01:40:35
UNSW_NB15_merged,LightGBM,0.9887534145947297,0.9937864499295572,0.936877850004851,0.950820170109356,0.9503871261575833,0.9506035988155797,31301,1619,16981,1634,1.9564510160125792,0.1281575839966535,2025-10-22T01:40:52
healthcare-dataset-stroke,XGBoost,0.8148971193415638,0.1752013345917606,0.9324853228962818,0.1935483870967742,0.12,0.1481481481481481,6,25,947,44,0.1706210350384935,0.0019766869954764,2025-10-22T01:41:03
healthcare-dataset-stroke,CatBoost,0.7879835390946502,0.1511850896112488,0.9168297455968688,0.2131147540983606,0.26,0.2342342342342342,13,48,924,37,0.4377203359617851,0.0007985379779711,2025-10-22T01:41:12
healthcare-dataset-stroke,LightGBM,0.8076543209876543,0.1878628660065406,0.9324853228962818,0.2564102564102564,0.2,0.2247191011235955,10,29,943,40,0.124970567994751,0.0032342490158043,2025-10-22T01:41:22
diabetic,XGBoost,0.6890244720336797,0.5079811803705504,0.6339785791490616,0.4825110267719766,0.6616964411309607,0.5580733183058488,4704,5045,8200,2405,0.3307320789899677,0.0113851900096051,2025-10-22T01:41:32
diabetic,CatBoost,0.6953867621692545,0.5169974016591825,0.6326520585634273,0.4817351598173516,0.6826557884371923,0.5648606180527266,4853,5221,8024,2256,1.335930993023794,0.0028171339654363,2025-10-22T01:41:42
diabetic,LightGBM,0.6905655085209593,0.5094971488301012,0.632995971307851,0.4816210161897973,0.665353776902518,0.5587714116952156,4730,5091,8154,2379,0.394028568000067,0.0408946949755772,2025-10-22T01:41:53
credit_card_transactions,XGBoost,0.9832478152165384,0.6124044449724481,0.9667881311816762,0.1357303831182134,0.882744836775483,0.2352836722010121,1325,8437,249397,176,5.009726909978781,0.1190720989834517,2025-10-22T01:42:11
credit_card_transactions,CatBoost,0.9753587821202035,0.4680175255775636,0.9402780187787996,0.0799447414259114,0.8867421718854097,0.1466666666666666,1331,15318,242516,170,15.659396113012916,0.0192477679811418,2025-10-22T01:42:44
credit_card_transactions,LightGBM,0.8773548435331067,0.0388413350450283,0.8917461970038753,0.0436858192808325,0.8474350433044637,0.0830883793846756,1272,27845,229989,229,4.1368739739991724,0.771810872014612,2025-10-22T01:43:22
UNSW_NB15_merged,XGBoost,0.9887098512710764,0.9937818305546764,0.937945085863976,0.951586940015186,0.9512980112342492,0.9514424536896448,31331,1594,17006,1604,1.828468478983268,0.0396673499490134,2025-10-22T01:43:39
UNSW_NB15_merged,CatBoost,0.9880706091013416,0.9933894729239616,0.9352478897836422,0.947992976932857,0.9508425686959162,0.9494156346162592,31316,1718,16882,1619,3.853323199029546,0.0073408809839747,2025-10-22T01:43:55
UNSW_NB15_merged,LightGBM,0.9887534145947297,0.9937864499295572,0.936877850004851,0.950820170109356,0.9503871261575833,0.9506035988155797,31301,1619,16981,1634,2.1424727350240573,0.1213455219985917,2025-10-22T01:44:12
healthcare-dataset-stroke,XGBoost,0.8148971193415638,0.1752013345917606,0.9324853228962818,0.1935483870967742,0.12,0.1481481481481481,6,25,947,44,0.1739055240177549,0.0015835109516046,2025-10-22T01:44:23
healthcare-dataset-stroke,CatBoost,0.7879835390946502,0.1511850896112488,0.9168297455968688,0.2131147540983606,0.26,0.2342342342342342,13,48,924,37,0.4481342319631949,0.000814733968582,2025-10-22T01:44:32
healthcare-dataset-stroke,LightGBM,0.8076543209876543,0.1878628660065406,0.9324853228962818,0.2564102564102564,0.2,0.2247191011235955,10,29,943,40,0.1333950150292366,0.0033936279942281,2025-10-22T01:44:42
diabetic,XGBoost,0.6890244720336797,0.5079811803705504,0.6339785791490616,0.4825110267719766,0.6616964411309607,0.5580733183058488,4704,5045,8200,2405,0.3347582580172457,0.0096958980429917,2025-10-22T01:44:52
diabetic,CatBoost,0.6953867621692545,0.5169974016591825,0.6326520585634273,0.4817351598173516,0.6826557884371923,0.5648606180527266,4853,5221,8024,2256,1.3272423470043575,0.00325247697765,2025-10-22T01:45:03
diabetic,LightGBM,0.6905655085209593,0.5094971488301012,0.632995971307851,0.4816210161897973,0.665353776902518,0.5587714116952156,4730,5091,8154,2379,0.3679795310017653,0.0390759920119307,2025-10-22T01:45:13
credit_card_transactions,XGBoost,0.9832478152165384,0.6124044449724481,0.9667881311816762,0.1357303831182134,0.882744836775483,0.2352836722010121,1325,8437,249397,176,4.909797300992068,0.1703807029989548,2025-10-22T01:45:31
credit_card_transactions,CatBoost,0.9753587821202035,0.4680175255775636,0.9402780187787996,0.0799447414259114,0.8867421718854097,0.1466666666666666,1331,15318,242516,170,15.555596948950551,0.0229959610151126,2025-10-22T01:46:04
credit_card_transactions,LightGBM,0.8773548435331067,0.0388413350450283,0.8917461970038753,0.0436858192808325,0.8474350433044637,0.0830883793846756,1272,27845,229989,229,4.012107671005651,0.7133530999999493,2025-10-22T01:46:41
UNSW_NB15_merged,XGBoost,0.9887098512710764,0.9937818305546764,0.937945085863976,0.951586940015186,0.9512980112342492,0.9514424536896448,31331,1594,17006,1604,1.7374264579848386,0.035238572047092,2025-10-22T01:46:58
UNSW_NB15_merged,CatBoost,0.9880706091013416,0.9933894729239616,0.9352478897836422,0.947992976932857,0.9508425686959162,0.9494156346162592,31316,1718,16882,1619,3.664707279007416,0.0068169389851391,2025-10-22T01:47:13
UNSW_NB15_merged,LightGBM,0.9887534145947297,0.9937864499295572,0.936877850004851,0.950820170109356,0.9503871261575833,0.9506035988155797,31301,1619,16981,1634,2.041739397973288,0.1221713669947348,2025-10-22T01:47:30
healthcare-dataset-stroke,XGBoost,0.8148971193415638,0.1752013345917606,0.9324853228962818,0.1935483870967742,0.12,0.1481481481481481,6,25,947,44,0.1958791840006597,0.0020309399696998,2025-10-22T01:47:41
healthcare-dataset-stroke,CatBoost,0.7879835390946502,0.1511850896112488,0.9168297455968688,0.2131147540983606,0.26,0.2342342342342342,13,48,924,37,0.448328643979039,0.0007956399931572,2025-10-22T01:47:50
healthcare-dataset-stroke,LightGBM,0.8076543209876543,0.1878628660065406,0.9324853228962818,0.2564102564102564,0.2,0.2247191011235955,10,29,943,40,0.1296207920531742,0.0032445650431327,2025-10-22T01:48:00
diabetic,XGBoost,0.6890244720336797,0.5079811803705504,0.6339785791490616,0.4825110267719766,0.6616964411309607,0.5580733183058488,4704,5045,8200,2405,0.3239803159958683,0.0097832200117409,2025-10-22T01:48:09
diabetic,CatBoost,0.6953867621692545,0.5169974016591825,0.6326520585634273,0.4817351598173516,0.6826557884371923,0.5648606180527266,4853,5221,8024,2256,1.369582865969278,0.0027958450373262,2025-10-22T01:48:20
diabetic,LightGBM,0.6905655085209593,0.5094971488301012,0.632995971307851,0.4816210161897973,0.665353776902518,0.5587714116952156,4730,5091,8154,2379,0.3747978179599158,0.0433831620030105,2025-10-22T01:48:31
credit_card_transactions,XGBoost,0.9832478152165384,0.6124044449724481,0.9667881311816762,0.1357303831182134,0.882744836775483,0.2352836722010121,1325,8437,249397,176,5.000008682021871,0.1160608769860118,2025-10-22T01:48:49
credit_card_transactions,CatBoost,0.9753587821202035,0.4680175255775636,0.9402780187787996,0.0799447414259114,0.8867421718854097,0.1466666666666666,1331,15318,242516,170,15.620509708998725,0.01825307297986,2025-10-22T01:49:21
credit_card_transactions,LightGBM,0.8773548435331067,0.0388413350450283,0.8917461970038753,0.0436858192808325,0.8474350433044637,0.0830883793846756,1272,27845,229989,229,3.9576038970262735,0.6647261059843004,2025-10-22T01:49:58
UNSW_NB15_merged,XGBoost,0.9887098512710764,0.9937818305546764,0.937945085863976,0.951586940015186,0.9512980112342492,0.9514424536896448,31331,1594,17006,1604,1.8016864720266312,0.0366753390408121,2025-10-22T01:50:15
UNSW_NB15_merged,CatBoost,0.9880706091013416,0.9933894729239616,0.9352478897836422,0.947992976932857,0.9508425686959162,0.9494156346162592,31316,1718,16882,1619,3.680276921018958,0.0071975920000113,2025-10-22T01:50:30
UNSW_NB15_merged,LightGBM,0.9887534145947297,0.9937864499295572,0.936877850004851,0.950820170109356,0.9503871261575833,0.9506035988155797,31301,1619,16981,1634,2.063611578021664,0.1234073290252126,2025-10-22T01:50:47
healthcare-dataset-stroke,XGBoost,0.8148971193415638,0.1752013345917606,0.9324853228962818,0.1935483870967742,0.12,0.1481481481481481,6,25,947,44,0.1650472700130194,0.0015272700111381,2025-10-22T01:50:58
healthcare-dataset-stroke,CatBoost,0.7879835390946502,0.1511850896112488,0.9168297455968688,0.2131147540983606,0.26,0.2342342342342342,13,48,924,37,0.4606376189622096,0.0008556499960832,2025-10-22T01:51:07
healthcare-dataset-stroke,LightGBM,0.8076543209876543,0.1878628660065406,0.9324853228962818,0.2564102564102564,0.2,0.2247191011235955,10,29,943,40,0.1254173629567958,0.0032691190135665,2025-10-22T01:51:17
diabetic,XGBoost,0.6890244720336797,0.5079811803705504,0.6339785791490616,0.4825110267719766,0.6616964411309607,0.5580733183058488,4704,5045,8200,2405,0.3385505729820579,0.0095594899612478,2025-10-22T01:51:27
diabetic,CatBoost,0.6953867621692545,0.5169974016591825,0.6326520585634273,0.4817351598173516,0.6826557884371923,0.5648606180527266,4853,5221,8024,2256,1.3685815340140834,0.0027597619919106,2025-10-22T01:51:38
diabetic,LightGBM,0.6905655085209593,0.5094971488301012,0.632995971307851,0.4816210161897973,0.665353776902518,0.5587714116952156,4730,5091,8154,2379,0.3677105210372247,0.0443514100043103,2025-10-22T01:51:48
credit_card_transactions,XGBoost,0.9832478152165384,0.6124044449724481,0.9667881311816762,0.1357303831182134,0.882744836775483,0.2352836722010121,1325,8437,249397,176,4.9561772150336765,0.1164843459846451,2025-10-22T01:52:06
credit_card_transactions,CatBoost,0.9753587821202035,0.4680175255775636,0.9402780187787996,0.0799447414259114,0.8867421718854097,0.1466666666666666,1331,15318,242516,170,15.566441933973692,0.0193187660188414,2025-10-22T01:52:38
credit_card_transactions,LightGBM,0.8773548435331067,0.0388413350450283,0.8917461970038753,0.0436858192808325,0.8474350433044637,0.0830883793846756,1272,27845,229989,229,3.806530092959292,0.6937076439498924,2025-10-22T01:53:15
UNSW_NB15_merged,XGBoost,0.9887098512710764,0.9937818305546764,0.937945085863976,0.951586940015186,0.9512980112342492,0.9514424536896448,31331,1594,17006,1604,1.7607681939844042,0.0349901539739221,2025-10-22T01:53:32
UNSW_NB15_merged,CatBoost,0.9880706091013416,0.9933894729239616,0.9352478897836422,0.947992976932857,0.9508425686959162,0.9494156346162592,31316,1718,16882,1619,3.6464491829974577,0.0070004570297896,2025-10-22T01:53:47
UNSW_NB15_merged,LightGBM,0.9887534145947297,0.9937864499295572,0.936877850004851,0.950820170109356,0.9503871261575833,0.9506035988155797,31301,1619,16981,1634,2.039508828020189,0.1184125980362296,2025-10-22T01:54:03
healthcare-dataset-stroke,XGBoost,0.8148971193415638,0.1752013345917606,0.9324853228962818,0.1935483870967742,0.12,0.1481481481481481,6,25,947,44,0.1736258800374344,0.0015879229758866,2025-10-22T01:54:14
healthcare-dataset-stroke,CatBoost,0.7879835390946502,0.1511850896112488,0.9168297455968688,0.2131147540983606,0.26,0.2342342342342342,13,48,924,37,0.4487727790256031,0.0007295759860426,2025-10-22T01:54:24
healthcare-dataset-stroke,LightGBM,0.8076543209876543,0.1878628660065406,0.9324853228962818,0.2564102564102564,0.2,0.2247191011235955,10,29,943,40,0.1427851520129479,0.0032164139556698,2025-10-22T01:54:33
diabetic,XGBoost,0.6890244720336797,0.5079811803705504,0.6339785791490616,0.4825110267719766,0.6616964411309607,0.5580733183058488,4704,5045,8200,2405,0.3388124170014635,0.009177807951346,2025-10-22T01:54:43
diabetic,CatBoost,0.6953867621692545,0.5169974016591825,0.6326520585634273,0.4817351598173516,0.6826557884371923,0.5648606180527266,4853,5221,8024,2256,1.3345154770067893,0.0028317070100456,2025-10-22T01:54:54
diabetic,LightGBM,0.6905655085209593,0.5094971488301012,0.632995971307851,0.4816210161897973,0.665353776902518,0.5587714116952156,4730,5091,8154,2379,0.3779251559753902,0.0422434939537197,2025-10-22T01:55:05
credit_card_transactions,XGBoost,0.9832478152165384,0.6124044449724481,0.9667881311816762,0.1357303831182134,0.882744836775483,0.2352836722010121,1325,8437,249397,176,4.973580945981666,0.1132067069993354,2025-10-22T01:55:22
credit_card_transactions,CatBoost,0.9753587821202035,0.4680175255775636,0.9402780187787996,0.0799447414259114,0.8867421718854097,0.1466666666666666,1331,15318,242516,170,15.632887854008004,0.0175050970283336,2025-10-22T01:55:55
credit_card_transactions,LightGBM,0.8773548435331067,0.0388413350450283,0.8917461970038753,0.0436858192808325,0.8474350433044637,0.0830883793846756,1272,27845,229989,229,3.834252396947704,0.6892322140047327,2025-10-22T01:56:31
UNSW_NB15_merged,XGBoost,0.9887098512710764,0.9937818305546764,0.937945085863976,0.951586940015186,0.9512980112342492,0.9514424536896448,31331,1594,17006,1604,1.741624350019265,0.0370731420116499,2025-10-22T01:56:48
UNSW_NB15_merged,CatBoost,0.9880706091013416,0.9933894729239616,0.9352478897836422,0.947992976932857,0.9508425686959162,0.9494156346162592,31316,1718,16882,1619,3.6885858409805214,0.0070146550424396,2025-10-22T01:57:03
UNSW_NB15_merged,LightGBM,0.9887534145947297,0.9937864499295572,0.936877850004851,0.950820170109356,0.9503871261575833,0.9506035988155797,31301,1619,16981,1634,2.0451433830312453,0.1231256789760664,2025-10-22T01:57:20
healthcare-dataset-stroke,XGBoost,0.8148971193415638,0.1752013345917606,0.9324853228962818,0.1935483870967742,0.12,0.1481481481481481,6,25,947,44,0.1679866549675353,0.0015292370226234,2025-10-22T01:57:31
healthcare-dataset-stroke,CatBoost,0.7879835390946502,0.1511850896112488,0.9168297455968688,0.2131147540983606,0.26,0.2342342342342342,13,48,924,37,0.448715689999517,0.0008808920392766,2025-10-22T01:57:40
healthcare-dataset-stroke,LightGBM,0.8076543209876543,0.1878628660065406,0.9324853228962818,0.2564102564102564,0.2,0.2247191011235955,10,29,943,40,0.1273386180400848,0.0032678400166332,2025-10-22T01:57:50
diabetic,XGBoost,0.6890244720336797,0.5079811803705504,0.6339785791490616,0.4825110267719766,0.6616964411309607,0.5580733183058488,4704,5045,8200,2405,0.3372500399709679,0.0100047760060988,2025-10-22T01:58:00
diabetic,CatBoost,0.6953867621692545,0.5169974016591825,0.6326520585634273,0.4817351598173516,0.6826557884371923,0.5648606180527266,4853,5221,8024,2256,1.3459987480309792,0.0028250280302017,2025-10-22T01:58:10
diabetic,LightGBM,0.6905655085209593,0.5094971488301012,0.632995971307851,0.4816210161897973,0.665353776902518,0.5587714116952156,4730,5091,8154,2379,0.3766837639850564,0.0402355150436051,2025-10-22T01:58:21
credit_card_transactions,XGBoost,0.9832478152165384,0.6124044449724481,0.9667881311816762,0.1357303831182134,0.882744836775483,0.2352836722010121,1325,8437,249397,176,4.966825404961128,0.117497369996272,2025-10-22T01:58:39
credit_card_transactions,CatBoost,0.9753587821202035,0.4680175255775636,0.9402780187787996,0.0799447414259114,0.8867421718854097,0.1466666666666666,1331,15318,242516,170,15.553464639990125,0.0171555189881473,2025-10-22T01:59:12
credit_card_transactions,LightGBM,0.8773548435331067,0.0388413350450283,0.8917461970038753,0.0436858192808325,0.8474350433044637,0.0830883793846756,1272,27845,229989,229,3.9428618800011455,0.6797775879967958,2025-10-22T01:59:48
UNSW_NB15_merged,XGBoost,0.9887098512710764,0.9937818305546764,0.937945085863976,0.951586940015186,0.9512980112342492,0.9514424536896448,31331,1594,17006,1604,1.810804623994045,0.0352435609675012,2025-10-22T02:00:05
UNSW_NB15_merged,CatBoost,0.9880706091013416,0.9933894729239616,0.9352478897836422,0.947992976932857,0.9508425686959162,0.9494156346162592,31316,1718,16882,1619,3.650786384998355,0.0066809550044126,2025-10-22T02:00:20
UNSW_NB15_merged,LightGBM,0.9887534145947297,0.9937864499295572,0.936877850004851,0.950820170109356,0.9503871261575833,0.9506035988155797,31301,1619,16981,1634,2.069851239968557,0.1210950880195014,2025-10-22T02:00:37
healthcare-dataset-stroke,XGBoost,0.8148971193415638,0.1752013345917606,0.9324853228962818,0.1935483870967742,0.12,0.1481481481481481,6,25,947,44,0.1620423200074583,0.0015567920054309,2025-10-22T02:00:48
healthcare-dataset-stroke,CatBoost,0.7879835390946502,0.1511850896112488,0.9168297455968688,0.2131147540983606,0.26,0.2342342342342342,13,48,924,37,0.4480791770038195,0.0007753170211799,2025-10-22T02:00:57
healthcare-dataset-stroke,LightGBM,0.8076543209876543,0.1878628660065406,0.9324853228962818,0.2564102564102564,0.2,0.2247191011235955,10,29,943,40,0.1232316069654189,0.0032598570105619,2025-10-22T02:01:07
diabetic,XGBoost,0.6890244720336797,0.5079811803705504,0.6339785791490616,0.4825110267719766,0.6616964411309607,0.5580733183058488,4704,5045,8200,2405,0.3325641949777491,0.0101288729929365,2025-10-22T02:01:17
diabetic,CatBoost,0.6953867621692545,0.5169974016591825,0.6326520585634273,0.4817351598173516,0.6826557884371923,0.5648606180527266,4853,5221,8024,2256,1.3435255169752054,0.002785078017041,2025-10-22T02:01:28
diabetic,LightGBM,0.6905655085209593,0.5094971488301012,0.632995971307851,0.4816210161897973,0.665353776902518,0.5587714116952156,4730,5091,8154,2379,0.3707140720216557,0.0433895170572213,2025-10-22T02:01:38
credit_card_transactions,XGBoost,0.9832478152165384,0.6124044449724481,0.9667881311816762,0.1357303831182134,0.882744836775483,0.2352836722010121,1325,8437,249397,176,5.001043649041094,0.1122975620091892,2025-10-22T02:01:56
credit_card_transactions,CatBoost,0.9753587821202035,0.4680175255775636,0.9402780187787996,0.0799447414259114,0.8867421718854097,0.1466666666666666,1331,15318,242516,170,15.62104272999568,0.0175812120432965,2025-10-22T02:02:29
credit_card_transactions,LightGBM,0.8773548435331067,0.0388413350450283,0.8917461970038753,0.0436858192808325,0.8474350433044637,0.0830883793846756,1272,27845,229989,229,3.8161378459772095,0.687281487043947,2025-10-22T02:03:05
UNSW_NB15_merged,XGBoost,0.9887098512710764,0.9937818305546764,0.937945085863976,0.951586940015186,0.9512980112342492,0.9514424536896448,31331,1594,17006,1604,1.7403330369852483,0.0368205239647068,2025-10-22T02:03:22
UNSW_NB15_merged,CatBoost,0.9880706091013416,0.9933894729239616,0.9352478897836422,0.947992976932857,0.9508425686959162,0.9494156346162592,31316,1718,16882,1619,3.7287128510070033,0.0066146319732069,2025-10-22T02:03:37
UNSW_NB15_merged,LightGBM,0.9887534145947297,0.9937864499295572,0.936877850004851,0.950820170109356,0.9503871261575833,0.9506035988155797,31301,1619,16981,1634,2.084326683951076,0.1172621499863453,2025-10-22T02:03:53
healthcare-dataset-stroke,XGBoost,0.8148971193415638,0.1752013345917606,0.9324853228962818,0.1935483870967742,0.12,0.1481481481481481,6,25,947,44,0.1733063499559648,0.0015643710503354,2025-10-22T02:04:05
healthcare-dataset-stroke,CatBoost,0.7879835390946502,0.1511850896112488,0.9168297455968688,0.2131147540983606,0.26,0.2342342342342342,13,48,924,37,0.4522313950001262,0.000762770010624,2025-10-22T02:04:14
healthcare-dataset-stroke,LightGBM,0.8076543209876543,0.1878628660065406,0.9324853228962818,0.2564102564102564,0.2,0.2247191011235955,10,29,943,40,0.1170666139805689,0.0036160169984214,2025-10-22T02:04:24
diabetic,XGBoost,0.6890244720336797,0.5079811803705504,0.6339785791490616,0.4825110267719766,0.6616964411309607,0.5580733183058488,4704,5045,8200,2405,0.3405911129666492,0.0107410599594004,2025-10-22T02:04:34
diabetic,CatBoost,0.6953867621692545,0.5169974016591825,0.6326520585634273,0.4817351598173516,0.6826557884371923,0.5648606180527266,4853,5221,8024,2256,1.3294097990146838,0.002983040001709,2025-10-22T02:04:44
diabetic,LightGBM,0.6905655085209593,0.5094971488301012,0.632995971307851,0.4816210161897973,0.665353776902518,0.5587714116952156,4730,5091,8154,2379,0.3836002480238676,0.0420615610200911,2025-10-22T02:04:55
credit_card_transactions,XGBoost,0.9832478152165384,0.6124044449724481,0.9667881311816762,0.1357303831182134,0.882744836775483,0.2352836722010121,1325,8437,249397,176,4.988126583979465,0.1166346130194142,2025-10-22T02:05:13
credit_card_transactions,CatBoost,0.9753587821202035,0.4680175255775636,0.9402780187787996,0.0799447414259114,0.8867421718854097,0.1466666666666666,1331,15318,242516,170,15.604869754984977,0.0182540329988114,2025-10-22T02:05:45
credit_card_transactions,LightGBM,0.8773548435331067,0.0388413350450283,0.8917461970038753,0.0436858192808325,0.8474350433044637,0.0830883793846756,1272,27845,229989,229,3.94908230699366,0.6936563779599965,2025-10-22T02:06:22
UNSW_NB15_merged,XGBoost,0.9887098512710764,0.9937818305546764,0.937945085863976,0.951586940015186,0.9512980112342492,0.9514424536896448,31331,1594,17006,1604,1.7895281380042434,0.0354522340348921,2025-10-22T02:06:39
UNSW_NB15_merged,CatBoost,0.9880706091013416,0.9933894729239616,0.9352478897836422,0.947992976932857,0.9508425686959162,0.9494156346162592,31316,1718,16882,1619,3.650752206973266,0.0067797459778375,2025-10-22T02:06:54
UNSW_NB15_merged,LightGBM,0.9887534145947297,0.9937864499295572,0.936877850004851,0.950820170109356,0.9503871261575833,0.9506035988155797,31301,1619,16981,1634,2.084285116987303,0.1180204430129379,2025-10-22T02:07:11
healthcare-dataset-stroke,XGBoost,0.8148971193415638,0.1752013345917606,0.9324853228962818,0.1935483870967742,0.12,0.1481481481481481,6,25,947,44,0.1770282420329749,0.001479054975789,2025-10-22T02:07:22
healthcare-dataset-stroke,CatBoost,0.7879835390946502,0.1511850896112488,0.9168297455968688,0.2131147540983606,0.26,0.2342342342342342,13,48,924,37,0.4444911610335111,0.0007842149934731,2025-10-22T02:07:31
healthcare-dataset-stroke,LightGBM,0.8076543209876543,0.1878628660065406,0.9324853228962818,0.2564102564102564,0.2,0.2247191011235955,10,29,943,40,0.1256268959841691,0.0032003769883885,2025-10-22T02:07:41
diabetic,XGBoost,0.6890244720336797,0.5079811803705504,0.6339785791490616,0.4825110267719766,0.6616964411309607,0.5580733183058488,4704,5045,8200,2405,0.335290988034103,0.0092649399884976,2025-10-22T02:07:51
diabetic,CatBoost,0.6953867621692545,0.5169974016591825,0.6326520585634273,0.4817351598173516,0.6826557884371923,0.5648606180527266,4853,5221,8024,2256,1.3500479760114104,0.00291192100849,2025-10-22T02:08:02
diabetic,LightGBM,0.6905655085209593,0.5094971488301012,0.632995971307851,0.4816210161897973,0.665353776902518,0.5587714116952156,4730,5091,8154,2379,0.3705077729537152,0.0385466549778357,2025-10-22T02:08:12
credit_card_transactions,XGBoost,0.9832478152165384,0.6124044449724481,0.9667881311816762,0.1357303831182134,0.882744836775483,0.2352836722010121,1325,8437,249397,176,4.948862680001184,0.1155634600436315,2025-10-22T02:08:30
credit_card_transactions,CatBoost,0.9753587821202035,0.4680175255775636,0.9402780187787996,0.0799447414259114,0.8867421718854097,0.1466666666666666,1331,15318,242516,170,15.624429988034535,0.0177201990154571,2025-10-22T02:09:03
credit_card_transactions,LightGBM,0.8773548435331067,0.0388413350450283,0.8917461970038753,0.0436858192808325,0.8474350433044637,0.0830883793846756,1272,27845,229989,229,3.755956484004855,0.6702846209518611,2025-10-22T02:09:39
UNSW_NB15_merged,XGBoost,0.9887098512710764,0.9937818305546764,0.937945085863976,0.951586940015186,0.9512980112342492,0.9514424536896448,31331,1594,17006,1604,1.728346998046618,0.0359156259801238,2025-10-22T02:09:56
UNSW_NB15_merged,CatBoost,0.9880706091013416,0.9933894729239616,0.9352478897836422,0.947992976932857,0.9508425686959162,0.9494156346162592,31316,1718,16882,1619,3.629015272017568,0.0067315110354684,2025-10-22T02:10:11
UNSW_NB15_merged,LightGBM,0.9887534145947297,0.9937864499295572,0.936877850004851,0.950820170109356,0.9503871261575833,0.9506035988155797,31301,1619,16981,1634,2.084305262018461,0.1174987169797532,2025-10-22T02:10:27
healthcare-dataset-stroke,XGBoost,0.8148971193415638,0.1752013345917606,0.9324853228962818,0.1935483870967742,0.12,0.1481481481481481,6,25,947,44,0.1713224070263095,0.0015006770263426,2025-10-22T02:10:39
healthcare-dataset-stroke,CatBoost,0.7879835390946502,0.1511850896112488,0.9168297455968688,0.2131147540983606,0.26,0.2342342342342342,13,48,924,37,0.4420211510150693,0.0008440390229225,2025-10-22T02:10:48
healthcare-dataset-stroke,LightGBM,0.8076543209876543,0.1878628660065406,0.9324853228962818,0.2564102564102564,0.2,0.2247191011235955,10,29,943,40,0.124733921024017,0.0032196000101976,2025-10-22T02:10:58
diabetic,XGBoost,0.6890244720336797,0.5079811803705504,0.6339785791490616,0.4825110267719766,0.6616964411309607,0.5580733183058488,4704,5045,8200,2405,0.3272640979848802,0.0104475650005042,2025-10-22T02:11:08
diabetic,CatBoost,0.6953867621692545,0.5169974016591825,0.6326520585634273,0.4817351598173516,0.6826557884371923,0.5648606180527266,4853,5221,8024,2256,1.3478938640328124,0.003467856964562,2025-10-22T02:11:18
diabetic,LightGBM,0.6905655085209593,0.5094971488301012,0.632995971307851,0.4816210161897973,0.665353776902518,0.5587714116952156,4730,5091,8154,2379,0.3889247979968786,0.0521515550208278,2025-10-22T02:11:29
credit_card_transactions,XGBoost,0.9832478152165384,0.6124044449724481,0.9667881311816762,0.1357303831182134,0.882744836775483,0.2352836722010121,1325,8437,249397,176,5.07613025297178,0.1156183169805444,2025-10-22T02:11:47
credit_card_transactions,CatBoost,0.9753587821202035,0.4680175255775636,0.9402780187787996,0.0799447414259114,0.8867421718854097,0.1466666666666666,1331,15318,242516,170,15.547515987011138,0.0179945190320722,2025-10-22T02:12:19
credit_card_transactions,LightGBM,0.8773548435331067,0.0388413350450283,0.8917461970038753,0.0436858192808325,0.8474350433044637,0.0830883793846756,1272,27845,229989,229,3.934634006000124,0.6870395090081729,2025-10-22T02:12:56
UNSW_NB15_merged,XGBoost,0.9887098512710764,0.9937818305546764,0.937945085863976,0.951586940015186,0.9512980112342492,0.9514424536896448,31331,1594,17006,1604,1.735602454980835,0.0374221039819531,2025-10-22T02:13:14
UNSW_NB15_merged,CatBoost,0.9880706091013416,0.9933894729239616,0.9352478897836422,0.947992976932857,0.9508425686959162,0.9494156346162592,31316,1718,16882,1619,3.6127984159975313,0.0070646340027451,2025-10-22T02:13:29
UNSW_NB15_merged,LightGBM,0.9887534145947297,0.9937864499295572,0.936877850004851,0.950820170109356,0.9503871261575833,0.9506035988155797,31301,1619,16981,1634,2.147700831992552,0.121919859026093,2025-10-22T02:13:45
healthcare-dataset-stroke,XGBoost,0.8148971193415638,0.1752013345917606,0.9324853228962818,0.1935483870967742,0.12,0.1481481481481481,6,25,947,44,0.1765939869801513,0.0015511809615418,2025-10-22T02:13:56
healthcare-dataset-stroke,CatBoost,0.7879835390946502,0.1511850896112488,0.9168297455968688,0.2131147540983606,0.26,0.2342342342342342,13,48,924,37,0.4527491409680806,0.0007932459702715,2025-10-22T02:14:06
healthcare-dataset-stroke,LightGBM,0.8076543209876543,0.1878628660065406,0.9324853228962818,0.2564102564102564,0.2,0.2247191011235955,10,29,943,40,0.1183636889909394,0.0032057010103017,2025-10-22T02:14:15
diabetic,XGBoost,0.6890244720336797,0.5079811803705504,0.6339785791490616,0.4825110267719766,0.6616964411309607,0.5580733183058488,4704,5045,8200,2405,0.3354171899845823,0.0096232619835063,2025-10-22T02:14:25
diabetic,CatBoost,0.6953867621692545,0.5169974016591825,0.6326520585634273,0.4817351598173516,0.6826557884371923,0.5648606180527266,4853,5221,8024,2256,1.3376571609987875,0.0035944589762948,2025-10-22T02:14:36
diabetic,LightGBM,0.6905655085209593,0.5094971488301012,0.632995971307851,0.4816210161897973,0.665353776902518,0.5587714116952156,4730,5091,8154,2379,0.3779480530065484,0.0406833019806072,2025-10-22T02:14:47
credit_card_transactions,XGBoost,0.9832478152165384,0.6124044449724481,0.9667881311816762,0.1357303831182134,0.882744836775483,0.2352836722010121,1325,8437,249397,176,4.970219106995501,0.1163190159713849,2025-10-22T02:15:04
credit_card_transactions,CatBoost,0.9753587821202035,0.4680175255775636,0.9402780187787996,0.0799447414259114,0.8867421718854097,0.1466666666666666,1331,15318,242516,170,15.667791017040145,0.0177339860238134,2025-10-22T02:15:37
credit_card_transactions,LightGBM,0.8773548435331067,0.0388413350450283,0.8917461970038753,0.0436858192808325,0.8474350433044637,0.0830883793846756,1272,27845,229989,229,3.748521030007396,0.6869265179848298,2025-10-22T02:16:14
UNSW_NB15_merged,XGBoost,0.9887098512710764,0.9937818305546764,0.937945085863976,0.951586940015186,0.9512980112342492,0.9514424536896448,31331,1594,17006,1604,1.7221638499759138,0.033253580040764,2025-10-22T02:16:31
UNSW_NB15_merged,CatBoost,0.9880706091013416,0.9933894729239616,0.9352478897836422,0.947992976932857,0.9508425686959162,0.9494156346162592,31316,1718,16882,1619,3.665543039969634,0.0065177090000361,2025-10-22T02:16:46
UNSW_NB15_merged,LightGBM,0.9887534145947297,0.9937864499295572,0.936877850004851,0.950820170109356,0.9503871261575833,0.9506035988155797,31301,1619,16981,1634,2.087851097981911,0.1273327289964072,2025-10-22T02:17:02
healthcare-dataset-stroke,XGBoost,0.8148971193415638,0.1752013345917606,0.9324853228962818,0.1935483870967742,0.12,0.1481481481481481,6,25,947,44,0.1594879120239056,0.0015252000303007,2025-10-22T02:17:13
healthcare-dataset-stroke,CatBoost,0.7879835390946502,0.1511850896112488,0.9168297455968688,0.2131147540983606,0.26,0.2342342342342342,13,48,924,37,0.450181565945968,0.0008026410359889,2025-10-22T02:17:23
healthcare-dataset-stroke,LightGBM,0.8076543209876543,0.1878628660065406,0.9324853228962818,0.2564102564102564,0.2,0.2247191011235955,10,29,943,40,0.1251525119878351,0.0032559839892201,2025-10-22T02:17:32
diabetic,XGBoost,0.6890244720336797,0.5079811803705504,0.6339785791490616,0.4825110267719766,0.6616964411309607,0.5580733183058488,4704,5045,8200,2405,0.3217339880065992,0.0095702820108272,2025-10-22T02:17:42
diabetic,CatBoost,0.6953867621692545,0.5169974016591825,0.6326520585634273,0.4817351598173516,0.6826557884371923,0.5648606180527266,4853,5221,8024,2256,1.346537877980154,0.0027116460260003,2025-10-22T02:17:53
diabetic,LightGBM,0.6905655085209593,0.5094971488301012,0.632995971307851,0.4816210161897973,0.665353776902518,0.5587714116952156,4730,5091,8154,2379,0.3914849949651398,0.041093504987657,2025-10-22T02:18:04
credit_card_transactions,XGBoost,0.9832478152165384,0.6124044449724481,0.9667881311816762,0.1357303831182134,0.882744836775483,0.2352836722010121,1325,8437,249397,176,5.068145074008498,0.112523082003463,2025-10-22T02:18:21
credit_card_transactions,CatBoost,0.9753587821202035,0.4680175255775636,0.9402780187787996,0.0799447414259114,0.8867421718854097,0.1466666666666666,1331,15318,242516,170,15.541070720995776,0.0181311990018002,2025-10-22T02:18:54
credit_card_transactions,LightGBM,0.8773548435331067,0.0388413350450283,0.8917461970038753,0.0436858192808325,0.8474350433044637,0.0830883793846756,1272,27845,229989,229,3.886469813005533,0.6960182299953885,2025-10-22T02:19:31
UNSW_NB15_merged,XGBoost,0.9887098512710764,0.9937818305546764,0.937945085863976,0.951586940015186,0.9512980112342492,0.9514424536896448,31331,1594,17006,1604,1.7184876989922486,0.0340800859848968,2025-10-22T02:19:48
UNSW_NB15_merged,CatBoost,0.9880706091013416,0.9933894729239616,0.9352478897836422,0.947992976932857,0.9508425686959162,0.9494156346162592,31316,1718,16882,1619,3.681963147013448,0.0074227330042049,2025-10-22T02:20:03
UNSW_NB15_merged,LightGBM,0.9887534145947297,0.9937864499295572,0.936877850004851,0.950820170109356,0.9503871261575833,0.9506035988155797,31301,1619,16981,1634,2.183008310967125,0.1211563129909336,2025-10-22T02:20:19
healthcare-dataset-stroke,XGBoost,0.8148971193415638,0.1752013345917606,0.9324853228962818,0.1935483870967742,0.12,0.1481481481481481,6,25,947,44,0.2152855910244397,0.0015505520277656,2025-10-22T02:20:31
healthcare-dataset-stroke,CatBoost,0.7879835390946502,0.1511850896112488,0.9168297455968688,0.2131147540983606,0.26,0.2342342342342342,13,48,924,37,0.4446073460276238,0.0007890610140748,2025-10-22T02:20:40
healthcare-dataset-stroke,LightGBM,0.8076543209876543,0.1878628660065406,0.9324853228962818,0.2564102564102564,0.2,0.2247191011235955,10,29,943,40,0.1234156540012918,0.003346794983372,2025-10-22T02:20:50
diabetic,XGBoost,0.6890244720336797,0.5079811803705504,0.6339785791490616,0.4825110267719766,0.6616964411309607,0.5580733183058488,4704,5045,8200,2405,0.3478386120405048,0.010389930976089,2025-10-22T02:21:00
diabetic,CatBoost,0.6953867621692545,0.5169974016591825,0.6326520585634273,0.4817351598173516,0.6826557884371923,0.5648606180527266,4853,5221,8024,2256,1.3615540640312247,0.0030534740071743,2025-10-22T02:21:10
diabetic,LightGBM,0.6905655085209593,0.5094971488301012,0.632995971307851,0.4816210161897973,0.665353776902518,0.5587714116952156,4730,5091,8154,2379,0.3873456929577514,0.042054998979438,2025-10-22T02:21:21
credit_card_transactions,XGBoost,0.9832478152165384,0.6124044449724481,0.9667881311816762,0.1357303831182134,0.882744836775483,0.2352836722010121,1325,8437,249397,176,4.918902401986998,0.1123831860022619,2025-10-22T02:21:39
credit_card_transactions,CatBoost,0.9753587821202035,0.4680175255775636,0.9402780187787996,0.0799447414259114,0.8867421718854097,0.1466666666666666,1331,15318,242516,170,15.726848103979137,0.0186301200301386,2025-10-22T02:22:12
credit_card_transactions,LightGBM,0.8773548435331067,0.0388413350450283,0.8917461970038753,0.0436858192808325,0.8474350433044637,0.0830883793846756,1272,27845,229989,229,3.987240094982553,0.7133885460207239,2025-10-22T02:22:49
UNSW_NB15_merged,XGBoost,0.9887098512710764,0.9937818305546764,0.937945085863976,0.951586940015186,0.9512980112342492,0.9514424536896448,31331,1594,17006,1604,1.7284996059606783,0.0349684340180829,2025-10-22T02:23:06
UNSW_NB15_merged,CatBoost,0.9880706091013416,0.9933894729239616,0.9352478897836422,0.947992976932857,0.9508425686959162,0.9494156346162592,31316,1718,16882,1619,3.6602457349654287,0.0072917959769256,2025-10-22T02:23:22
UNSW_NB15_merged,LightGBM,0.9887534145947297,0.9937864499295572,0.936877850004851,0.950820170109356,0.9503871261575833,0.9506035988155797,31301,1619,16981,1634,1.972981886006892,0.1199564909911714,2025-10-22T02:23:38
healthcare-dataset-stroke,XGBoost,0.8148971193415638,0.1752013345917606,0.9324853228962818,0.1935483870967742,0.12,0.1481481481481481,6,25,947,44,0.1651074180263094,0.0015021649887785,2025-10-22T02:23:49
healthcare-dataset-stroke,CatBoost,0.7879835390946502,0.1511850896112488,0.9168297455968688,0.2131147540983606,0.26,0.2342342342342342,13,48,924,37,0.443927510001231,0.0007616350194439,2025-10-22T02:23:59
healthcare-dataset-stroke,LightGBM,0.8076543209876543,0.1878628660065406,0.9324853228962818,0.2564102564102564,0.2,0.2247191011235955,10,29,943,40,0.1241676060017198,0.0033567360369488,2025-10-22T02:24:08
diabetic,XGBoost,0.6890244720336797,0.5079811803705504,0.6339785791490616,0.4825110267719766,0.6616964411309607,0.5580733183058488,4704,5045,8200,2405,0.3324914260301739,0.0111648389720357,2025-10-22T02:24:18
diabetic,CatBoost,0.6953867621692545,0.5169974016591825,0.6326520585634273,0.4817351598173516,0.6826557884371923,0.5648606180527266,4853,5221,8024,2256,1.33585354097886,0.0027030620258301,2025-10-22T02:24:29
diabetic,LightGBM,0.6905655085209593,0.5094971488301012,0.632995971307851,0.4816210161897973,0.665353776902518,0.5587714116952156,4730,5091,8154,2379,0.4297848349669948,0.0430612109485082,2025-10-22T02:24:40
credit_card_transactions,XGBoost,0.9832478152165384,0.6124044449724481,0.9667881311816762,0.1357303831182134,0.882744836775483,0.2352836722010121,1325,8437,249397,176,5.184802349947859,0.1179222549544647,2025-10-22T02:24:58
credit_card_transactions,CatBoost,0.9753587821202035,0.4680175255775636,0.9402780187787996,0.0799447414259114,0.8867421718854097,0.1466666666666666,1331,15318,242516,170,17.47856115398463,0.0332645020098425,2025-10-22T02:25:33
credit_card_transactions,LightGBM,0.8773548435331067,0.0388413350450283,0.8917461970038753,0.0436858192808325,0.8474350433044637,0.0830883793846756,1272,27845,229989,229,4.223190046963282,0.7382112180348486,2025-10-22T02:26:15
UNSW_NB15_merged,XGBoost,0.9887098512710764,0.9937818305546764,0.937945085863976,0.951586940015186,0.9512980112342492,0.9514424536896448,31331,1594,17006,1604,1.675488464999944,0.0382101910072378,2025-10-22T02:26:33
UNSW_NB15_merged,CatBoost,0.9880706091013416,0.9933894729239616,0.9352478897836422,0.947992976932857,0.9508425686959162,0.9494156346162592,31316,1718,16882,1619,3.884440595982596,0.0068614080082625,2025-10-22T02:26:48
UNSW_NB15_merged,LightGBM,0.9887534145947297,0.9937864499295572,0.936877850004851,0.950820170109356,0.9503871261575833,0.9506035988155797,31301,1619,16981,1634,2.186918149003759,0.1225512700038962,2025-10-22T02:27:05
healthcare-dataset-stroke,XGBoost,0.8148971193415638,0.1752013345917606,0.9324853228962818,0.1935483870967742,0.12,0.1481481481481481,6,25,947,44,0.1597253280342556,0.0014759039622731,2025-10-22T02:27:16
healthcare-dataset-stroke,CatBoost,0.7879835390946502,0.1511850896112488,0.9168297455968688,0.2131147540983606,0.26,0.2342342342342342,13,48,924,37,0.4489631440374069,0.0007447449606843,2025-10-22T02:27:25
healthcare-dataset-stroke,LightGBM,0.8076543209876543,0.1878628660065406,0.9324853228962818,0.2564102564102564,0.2,0.2247191011235955,10,29,943,40,0.1360209950362332,0.0044676729594357,2025-10-22T02:27:35
diabetic,XGBoost,0.6890244720336797,0.5079811803705504,0.6339785791490616,0.4825110267719766,0.6616964411309607,0.5580733183058488,4704,5045,8200,2405,0.3895741640008054,0.010596317006275,2025-10-22T02:27:45
diabetic,CatBoost,0.6953867621692545,0.5169974016591825,0.6326520585634273,0.4817351598173516,0.6826557884371923,0.5648606180527266,4853,5221,8024,2256,1.3685157419531606,0.0029916429775767,2025-10-22T02:27:56
diabetic,LightGBM,0.6905655085209593,0.5094971488301012,0.632995971307851,0.4816210161897973,0.665353776902518,0.5587714116952156,4730,5091,8154,2379,0.3632503310218453,0.044179096003063,2025-10-22T02:28:07
credit_card_transactions,XGBoost,0.9832478152165384,0.6124044449724481,0.9667881311816762,0.1357303831182134,0.882744836775483,0.2352836722010121,1325,8437,249397,176,5.016603965021204,0.1142215059953741,2025-10-22T02:28:24
credit_card_transactions,CatBoost,0.9753587821202035,0.4680175255775636,0.9402780187787996,0.0799447414259114,0.8867421718854097,0.1466666666666666,1331,15318,242516,170,15.60045953997178,0.0173035339685156,2025-10-22T02:28:57
credit_card_transactions,LightGBM,0.8773548435331067,0.0388413350450283,0.8917461970038753,0.0436858192808325,0.8474350433044637,0.0830883793846756,1272,27845,229989,229,3.829483539040666,0.6910763499909081,2025-10-22T02:29:34
UNSW_NB15_merged,XGBoost,0.9887098512710764,0.9937818305546764,0.937945085863976,0.951586940015186,0.9512980112342492,0.9514424536896448,31331,1594,17006,1604,1.627657529024873,0.0335832080454565,2025-10-22T02:29:51
UNSW_NB15_merged,CatBoost,0.9880706091013416,0.9933894729239616,0.9352478897836422,0.947992976932857,0.9508425686959162,0.9494156346162592,31316,1718,16882,1619,3.69778090598993,0.0070214650477282,2025-10-22T02:30:06
UNSW_NB15_merged,LightGBM,0.9887534145947297,0.9937864499295572,0.936877850004851,0.950820170109356,0.9503871261575833,0.9506035988155797,31301,1619,16981,1634,2.19139194895979,0.1257006980013102,2025-10-22T02:30:23
healthcare-dataset-stroke,XGBoost,0.8148971193415638,0.1752013345917606,0.9324853228962818,0.1935483870967742,0.12,0.1481481481481481,6,25,947,44,0.1686772789689712,0.0014917919761501,2025-10-22T02:30:34
healthcare-dataset-stroke,CatBoost,0.7879835390946502,0.1511850896112488,0.9168297455968688,0.2131147540983606,0.26,0.2342342342342342,13,48,924,37,0.440535113972146,0.0007634680368937,2025-10-22T02:30:44
healthcare-dataset-stroke,LightGBM,0.8076543209876543,0.1878628660065406,0.9324853228962818,0.2564102564102564,0.2,0.2247191011235955,10,29,943,40,0.1389776279684156,0.0032962799887172,2025-10-22T02:30:53
diabetic,XGBoost,0.6890244720336797,0.5079811803705504,0.6339785791490616,0.4825110267719766,0.6616964411309607,0.5580733183058488,4704,5045,8200,2405,0.3269941449980251,0.0110437990515492,2025-10-22T02:31:03
diabetic,CatBoost,0.6953867621692545,0.5169974016591825,0.6326520585634273,0.4817351598173516,0.6826557884371923,0.5648606180527266,4853,5221,8024,2256,1.3367155559826642,0.0027624680078588,2025-10-22T02:31:14
diabetic,LightGBM,0.6905655085209593,0.5094971488301012,0.632995971307851,0.4816210161897973,0.665353776902518,0.5587714116952156,4730,5091,8154,2379,0.3677601930103265,0.0405849940143525,2025-10-22T02:31:25
credit_card_transactions,XGBoost,0.9832478152165384,0.6124044449724481,0.9667881311816762,0.1357303831182134,0.882744836775483,0.2352836722010121,1325,8437,249397,176,5.057205891003832,0.1166141030262224,2025-10-22T02:31:42
credit_card_transactions,CatBoost,0.9753587821202035,0.4680175255775636,0.9402780187787996,0.0799447414259114,0.8867421718854097,0.1466666666666666,1331,15318,242516,170,15.595940737985076,0.0184717969968915,2025-10-22T02:32:15
credit_card_transactions,LightGBM,0.8773548435331067,0.0388413350450283,0.8917461970038753,0.0436858192808325,0.8474350433044637,0.0830883793846756,1272,27845,229989,229,3.950350082013756,0.6944083829876035,2025-10-22T02:32:52
UNSW_NB15_merged,XGBoost,0.9887098512710764,0.9937818305546764,0.937945085863976,0.951586940015186,0.9512980112342492,0.9514424536896448,31331,1594,17006,1604,1.760420521022752,0.0349196500028483,2025-10-22T02:33:09
UNSW_NB15_merged,CatBoost,0.9880706091013416,0.9933894729239616,0.9352478897836422,0.947992976932857,0.9508425686959162,0.9494156346162592,31316,1718,16882,1619,3.6952399169676937,0.0071030819672159,2025-10-22T02:33:25
UNSW_NB15_merged,LightGBM,0.9887534145947297,0.9937864499295572,0.936877850004851,0.950820170109356,0.9503871261575833,0.9506035988155797,31301,1619,16981,1634,2.127219688030891,0.1212771029677242,2025-10-22T02:33:41
healthcare-dataset-stroke,XGBoost,0.8148971193415638,0.1752013345917606,0.9324853228962818,0.1935483870967742,0.12,0.1481481481481481,6,25,947,44,0.1801425630110316,0.0015194750158116,2025-10-22T02:33:52
healthcare-dataset-stroke,CatBoost,0.7879835390946502,0.1511850896112488,0.9168297455968688,0.2131147540983606,0.26,0.2342342342342342,13,48,924,37,0.4453208390041254,0.0007885670056566,2025-10-22T02:34:02
healthcare-dataset-stroke,LightGBM,0.8076543209876543,0.1878628660065406,0.9324853228962818,0.2564102564102564,0.2,0.2247191011235955,10,29,943,40,0.1307987299514934,0.0032869930146262,2025-10-22T02:34:11
diabetic,XGBoost,0.6890244720336797,0.5079811803705504,0.6339785791490616,0.4825110267719766,0.6616964411309607,0.5580733183058488,4704,5045,8200,2405,0.3364215010078624,0.0103630700032226,2025-10-22T02:34:21
diabetic,CatBoost,0.6953867621692545,0.5169974016591825,0.6326520585634273,0.4817351598173516,0.6826557884371923,0.5648606180527266,4853,5221,8024,2256,1.3314835819764994,0.0030289790011011,2025-10-22T02:34:32
diabetic,LightGBM,0.6905655085209593,0.5094971488301012,0.632995971307851,0.4816210161897973,0.665353776902518,0.5587714116952156,4730,5091,8154,2379,0.385574051993899,0.0481746590230613,2025-10-22T02:34:43
credit_card_transactions,XGBoost,0.9832478152165384,0.6124044449724481,0.9667881311816762,0.1357303831182134,0.882744836775483,0.2352836722010121,1325,8437,249397,176,5.020745068031829,0.1130180699983611,2025-10-22T02:35:00
credit_card_transactions,CatBoost,0.9753587821202035,0.4680175255775636,0.9402780187787996,0.0799447414259114,0.8867421718854097,0.1466666666666666,1331,15318,242516,170,15.540402719983833,0.0174808329902589,2025-10-22T02:35:33
credit_card_transactions,LightGBM,0.8773548435331067,0.0388413350450283,0.8917461970038753,0.0436858192808325,0.8474350433044637,0.0830883793846756,1272,27845,229989,229,3.743411717005074,0.6822814190527424,2025-10-22T02:36:10
UNSW_NB15_merged,XGBoost,0.9887098512710764,0.9937818305546764,0.937945085863976,0.951586940015186,0.9512980112342492,0.9514424536896448,31331,1594,17006,1604,1.624951578967739,0.0346693879691883,2025-10-22T02:36:27
UNSW_NB15_merged,CatBoost,0.9880706091013416,0.9933894729239616,0.9352478897836422,0.947992976932857,0.9508425686959162,0.9494156346162592,31316,1718,16882,1619,3.816147089994047,0.0067118370207026,2025-10-22T02:36:42
UNSW_NB15_merged,LightGBM,0.9887534145947297,0.9937864499295572,0.936877850004851,0.950820170109356,0.9503871261575833,0.9506035988155797,31301,1619,16981,1634,2.1127324769622646,0.1200995690305717,2025-10-22T02:36:59
healthcare-dataset-stroke,XGBoost,0.8148971193415638,0.1752013345917606,0.9324853228962818,0.1935483870967742,0.12,0.1481481481481481,6,25,947,44,0.1576447960105724,0.0017098330426961,2025-10-22T02:37:10
healthcare-dataset-stroke,CatBoost,0.7879835390946502,0.1511850896112488,0.9168297455968688,0.2131147540983606,0.26,0.2342342342342342,13,48,924,37,0.4449705820297822,0.0007688449695706,2025-10-22T02:37:19
healthcare-dataset-stroke,LightGBM,0.8076543209876543,0.1878628660065406,0.9324853228962818,0.2564102564102564,0.2,0.2247191011235955,10,29,943,40,0.1315923070069402,0.003289794025477,2025-10-22T02:37:29
diabetic,XGBoost,0.6890244720336797,0.5079811803705504,0.6339785791490616,0.4825110267719766,0.6616964411309607,0.5580733183058488,4704,5045,8200,2405,0.3510371870361268,0.0091129150241613,2025-10-22T02:37:39
diabetic,CatBoost,0.6953867621692545,0.5169974016591825,0.6326520585634273,0.4817351598173516,0.6826557884371923,0.5648606180527266,4853,5221,8024,2256,1.3369477970409207,0.0028343040030449,2025-10-22T02:37:50
diabetic,LightGBM,0.6905655085209593,0.5094971488301012,0.632995971307851,0.4816210161897973,0.665353776902518,0.5587714116952156,4730,5091,8154,2379,0.3787253099726513,0.0468792939791455,2025-10-22T02:38:01
credit_card_transactions,XGBoost,0.9832478152165384,0.6124044449724481,0.9667881311816762,0.1357303831182134,0.882744836775483,0.2352836722010121,1325,8437,249397,176,4.916801753977779,0.1134812449454329,2025-10-22T02:38:18
credit_card_transactions,CatBoost,0.9753587821202035,0.4680175255775636,0.9402780187787996,0.0799447414259114,0.8867421718854097,0.1466666666666666,1331,15318,242516,170,15.616488892992493,0.0184381360304541,2025-10-22T02:38:51
credit_card_transactions,LightGBM,0.8773548435331067,0.0388413350450283,0.8917461970038753,0.0436858192808325,0.8474350433044637,0.0830883793846756,1272,27845,229989,229,3.961466172011569,0.6969174719997682,2025-10-22T02:39:28
UNSW_NB15_merged,XGBoost,0.9887098512710764,0.9937818305546764,0.937945085863976,0.951586940015186,0.9512980112342492,0.9514424536896448,31331,1594,17006,1604,1.7032951059518382,0.0369139339891262,2025-10-22T02:39:45
UNSW_NB15_merged,CatBoost,0.9880706091013416,0.9933894729239616,0.9352478897836422,0.947992976932857,0.9508425686959162,0.9494156346162592,31316,1718,16882,1619,3.6841467689955607,0.006895714031998,2025-10-22T02:40:01
UNSW_NB15_merged,LightGBM,0.9887534145947297,0.9937864499295572,0.936877850004851,0.950820170109356,0.9503871261575833,0.9506035988155797,31301,1619,16981,1634,2.133829032012727,0.1229241040418855,2025-10-22T02:40:17
healthcare-dataset-stroke,XGBoost,0.8148971193415638,0.1752013345917606,0.9324853228962818,0.1935483870967742,0.12,0.1481481481481481,6,25,947,44,0.161254225007724,0.0019907359965145,2025-10-22T02:40:28
healthcare-dataset-stroke,CatBoost,0.7879835390946502,0.1511850896112488,0.9168297455968688,0.2131147540983606,0.26,0.2342342342342342,13,48,924,37,0.4431170049938373,0.0008206740021705,2025-10-22T02:40:38
healthcare-dataset-stroke,LightGBM,0.8076543209876543,0.1878628660065406,0.9324853228962818,0.2564102564102564,0.2,0.2247191011235955,10,29,943,40,0.1309501890209503,0.004559849970974,2025-10-22T02:40:48
diabetic,XGBoost,0.6890244720336797,0.5079811803705504,0.6339785791490616,0.4825110267719766,0.6616964411309607,0.5580733183058488,4704,5045,8200,2405,0.3244792220066301,0.0107636879547499,2025-10-22T02:40:58
diabetic,CatBoost,0.6953867621692545,0.5169974016591825,0.6326520585634273,0.4817351598173516,0.6826557884371923,0.5648606180527266,4853,5221,8024,2256,1.3373701309901662,0.0026919550145976,2025-10-22T02:41:08
diabetic,LightGBM,0.6905655085209593,0.5094971488301012,0.632995971307851,0.4816210161897973,0.665353776902518,0.5587714116952156,4730,5091,8154,2379,0.3821293200016953,0.0468367680441588,2025-10-22T02:41:19
credit_card_transactions,XGBoost,0.9832478152165384,0.6124044449724481,0.9667881311816762,0.1357303831182134,0.882744836775483,0.2352836722010121,1325,8437,249397,176,5.008373974007554,0.1154625230119563,2025-10-22T02:41:37
credit_card_transactions,CatBoost,0.9753587821202035,0.4680175255775636,0.9402780187787996,0.0799447414259114,0.8867421718854097,0.1466666666666666,1331,15318,242516,170,15.569387916009871,0.018775985983666,2025-10-22T02:42:09
credit_card_transactions,LightGBM,0.8773548435331067,0.0388413350450283,0.8917461970038753,0.0436858192808325,0.8474350433044637,0.0830883793846756,1272,27845,229989,229,3.811311174009461,0.68268527102191,2025-10-22T02:42:46
UNSW_NB15_merged,XGBoost,0.9887098512710764,0.9937818305546764,0.937945085863976,0.951586940015186,0.9512980112342492,0.9514424536896448,31331,1594,17006,1604,1.6652923910296522,0.036605178960599,2025-10-22T02:43:04
UNSW_NB15_merged,CatBoost,0.9880706091013416,0.9933894729239616,0.9352478897836422,0.947992976932857,0.9508425686959162,0.9494156346162592,31316,1718,16882,1619,3.6894529949640855,0.0068849879899062,2025-10-22T02:43:19
UNSW_NB15_merged,LightGBM,0.9887534145947297,0.9937864499295572,0.936877850004851,0.950820170109356,0.9503871261575833,0.9506035988155797,31301,1619,16981,1634,2.135430270980578,0.1185605979990214,2025-10-22T02:43:35
healthcare-dataset-stroke,XGBoost,0.8148971193415638,0.1752013345917606,0.9324853228962818,0.1935483870967742,0.12,0.1481481481481481,6,25,947,44,0.1771400300203822,0.0015520000015385,2025-10-22T02:43:47
healthcare-dataset-stroke,CatBoost,0.7879835390946502,0.1511850896112488,0.9168297455968688,0.2131147540983606,0.26,0.2342342342342342,13,48,924,37,0.4439557219739072,0.0007863109931349,2025-10-22T02:43:56
healthcare-dataset-stroke,LightGBM,0.8076543209876543,0.1878628660065406,0.9324853228962818,0.2564102564102564,0.2,0.2247191011235955,10,29,943,40,0.1328168530017137,0.0032165530137717,2025-10-22T02:44:06
diabetic,XGBoost,0.6890244720336797,0.5079811803705504,0.6339785791490616,0.4825110267719766,0.6616964411309607,0.5580733183058488,4704,5045,8200,2405,0.3797325359773822,0.0098349739564582,2025-10-22T02:44:16
diabetic,CatBoost,0.6953867621692545,0.5169974016591825,0.6326520585634273,0.4817351598173516,0.6826557884371923,0.5648606180527266,4853,5221,8024,2256,1.348126777971629,0.0026814370066858,2025-10-22T02:44:27
diabetic,LightGBM,0.6905655085209593,0.5094971488301012,0.632995971307851,0.4816210161897973,0.665353776902518,0.5587714116952156,4730,5091,8154,2379,0.3731089409557171,0.0416060739662498,2025-10-22T02:44:37
credit_card_transactions,XGBoost,0.9832478152165384,0.6124044449724481,0.9667881311816762,0.1357303831182134,0.882744836775483,0.2352836722010121,1325,8437,249397,176,4.936023727001157,0.1165493089938536,2025-10-22T02:44:55
credit_card_transactions,CatBoost,0.9753587821202035,0.4680175255775636,0.9402780187787996,0.0799447414259114,0.8867421718854097,0.1466666666666666,1331,15318,242516,170,15.578667564026546,0.0173731829854659,2025-10-22T02:45:28
credit_card_transactions,LightGBM,0.8773548435331067,0.0388413350450283,0.8917461970038753,0.0436858192808325,0.8474350433044637,0.0830883793846756,1272,27845,229989,229,3.8477080509765074,0.7053485679789446,2025-10-22T02:46:05
UNSW_NB15_merged,XGBoost,0.9887098512710764,0.9937818305546764,0.937945085863976,0.951586940015186,0.9512980112342492,0.9514424536896448,31331,1594,17006,1604,1.6226853980333544,0.0351159049896523,2025-10-22T02:46:22
UNSW_NB15_merged,CatBoost,0.9880706091013416,0.9933894729239616,0.9352478897836422,0.947992976932857,0.9508425686959162,0.9494156346162592,31316,1718,16882,1619,3.66229975502938,0.0069323900388553,2025-10-22T02:46:37
UNSW_NB15_merged,LightGBM,0.9887534145947297,0.9937864499295572,0.936877850004851,0.950820170109356,0.9503871261575833,0.9506035988155797,31301,1619,16981,1634,2.1351465589832515,0.1200483940192498,2025-10-22T02:46:53
healthcare-dataset-stroke,XGBoost,0.8148971193415638,0.1752013345917606,0.9324853228962818,0.1935483870967742,0.12,0.1481481481481481,6,25,947,44,0.1778664560406468,0.0015271640149876,2025-10-22T02:47:05
healthcare-dataset-stroke,CatBoost,0.7879835390946502,0.1511850896112488,0.9168297455968688,0.2131147540983606,0.26,0.2342342342342342,13,48,924,37,0.4484175969846546,0.0007540620281361,2025-10-22T02:47:14
healthcare-dataset-stroke,LightGBM,0.8076543209876543,0.1878628660065406,0.9324853228962818,0.2564102564102564,0.2,0.2247191011235955,10,29,943,40,0.1296272919862531,0.0032776650041341,2025-10-22T02:47:24
diabetic,XGBoost,0.6890244720336797,0.5079811803705504,0.6339785791490616,0.4825110267719766,0.6616964411309607,0.5580733183058488,4704,5045,8200,2405,0.3247699369676411,0.0099905919632874,2025-10-22T02:47:34
diabetic,CatBoost,0.6953867621692545,0.5169974016591825,0.6326520585634273,0.4817351598173516,0.6826557884371923,0.5648606180527266,4853,5221,8024,2256,1.3504822959657758,0.0026246240013279,2025-10-22T02:47:45
diabetic,LightGBM,0.6905655085209593,0.5094971488301012,0.632995971307851,0.4816210161897973,0.665353776902518,0.5587714116952156,4730,5091,8154,2379,0.3696323100011796,0.0382937359972856,2025-10-22T02:47:55
credit_card_transactions,XGBoost,0.9832478152165384,0.6124044449724481,0.9667881311816762,0.1357303831182134,0.882744836775483,0.2352836722010121,1325,8437,249397,176,4.998238410043996,0.1115365399746224,2025-10-22T02:48:13
credit_card_transactions,CatBoost,0.9753587821202035,0.4680175255775636,0.9402780187787996,0.0799447414259114,0.8867421718854097,0.1466666666666666,1331,15318,242516,170,15.63205368805211,0.0192291070125065,2025-10-22T02:48:46
credit_card_transactions,LightGBM,0.8773548435331067,0.0388413350450283,0.8917461970038753,0.0436858192808325,0.8474350433044637,0.0830883793846756,1272,27845,229989,229,4.110320769017562,0.7102250139578246,2025-10-22T02:49:23
UNSW_NB15_merged,XGBoost,0.9887098512710764,0.9937818305546764,0.937945085863976,0.951586940015186,0.9512980112342492,0.9514424536896448,31331,1594,17006,1604,1.6539301059674472,0.0335154269705526,2025-10-22T02:49:40
UNSW_NB15_merged,CatBoost,0.9880706091013416,0.9933894729239616,0.9352478897836422,0.947992976932857,0.9508425686959162,0.9494156346162592,31316,1718,16882,1619,3.6533667219919153,0.0068817280116491,2025-10-22T02:49:56
UNSW_NB15_merged,LightGBM,0.9887534145947297,0.9937864499295572,0.936877850004851,0.950820170109356,0.9503871261575833,0.9506035988155797,31301,1619,16981,1634,1.3799087110091932,0.1169480829848907,2025-10-22T02:50:11
healthcare-dataset-stroke,XGBoost,0.8148971193415638,0.1752013345917606,0.9324853228962818,0.1935483870967742,0.12,0.1481481481481481,6,25,947,44,0.1641542710131034,0.0014839200302958,2025-10-22T02:50:23
healthcare-dataset-stroke,CatBoost,0.7879835390946502,0.1511850896112488,0.9168297455968688,0.2131147540983606,0.26,0.2342342342342342,13,48,924,37,0.4577698510256596,0.0008599009597674,2025-10-22T02:50:32
healthcare-dataset-stroke,LightGBM,0.8076543209876543,0.1878628660065406,0.9324853228962818,0.2564102564102564,0.2,0.2247191011235955,10,29,943,40,0.1290851859957911,0.0032435620087198,2025-10-22T02:50:42
diabetic,XGBoost,0.6890244720336797,0.5079811803705504,0.6339785791490616,0.4825110267719766,0.6616964411309607,0.5580733183058488,4704,5045,8200,2405,0.334912093996536,0.0095430740038864,2025-10-22T02:50:52
diabetic,CatBoost,0.6953867621692545,0.5169974016591825,0.6326520585634273,0.4817351598173516,0.6826557884371923,0.5648606180527266,4853,5221,8024,2256,1.3508201649528928,0.0028375929687172,2025-10-22T02:51:03
diabetic,LightGBM,0.6905655085209593,0.5094971488301012,0.632995971307851,0.4816210161897973,0.665353776902518,0.5587714116952156,4730,5091,8154,2379,0.3918891070061363,0.0426916819997131,2025-10-22T02:51:13
credit_card_transactions,XGBoost,0.9832478152165384,0.6124044449724481,0.9667881311816762,0.1357303831182134,0.882744836775483,0.2352836722010121,1325,8437,249397,176,4.987219128001016,0.1142081909929402,2025-10-22T02:51:31
credit_card_transactions,CatBoost,0.9753587821202035,0.4680175255775636,0.9402780187787996,0.0799447414259114,0.8867421718854097,0.1466666666666666,1331,15318,242516,170,15.570769907033537,0.0174504839815199,2025-10-22T02:52:04
credit_card_transactions,LightGBM,0.8773548435331067,0.0388413350450283,0.8917461970038753,0.0436858192808325,0.8474350433044637,0.0830883793846756,1272,27845,229989,229,3.87082610296784,0.693576532008592,2025-10-22T02:52:40
UNSW_NB15_merged,XGBoost,0.9887098512710764,0.9937818305546764,0.937945085863976,0.951586940015186,0.9512980112342492,0.9514424536896448,31331,1594,17006,1604,1.6596297700307332,0.0358667559921741,2025-10-22T02:52:58
UNSW_NB15_merged,CatBoost,0.9880706091013416,0.9933894729239616,0.9352478897836422,0.947992976932857,0.9508425686959162,0.9494156346162592,31316,1718,16882,1619,3.664844479004387,0.0070296140038408,2025-10-22T02:53:13
UNSW_NB15_merged,LightGBM,0.9887534145947297,0.9937864499295572,0.936877850004851,0.950820170109356,0.9503871261575833,0.9506035988155797,31301,1619,16981,1634,2.214358953991905,0.1213725010165944,2025-10-22T02:53:29
healthcare-dataset-stroke,XGBoost,0.8148971193415638,0.1752013345917606,0.9324853228962818,0.1935483870967742,0.12,0.1481481481481481,6,25,947,44,0.1677259430289268,0.0015358120435848,2025-10-22T02:53:41
healthcare-dataset-stroke,CatBoost,0.7879835390946502,0.1511850896112488,0.9168297455968688,0.2131147540983606,0.26,0.2342342342342342,13,48,924,37,0.4497650099801831,0.0008307180250994,2025-10-22T02:53:50
healthcare-dataset-stroke,LightGBM,0.8076543209876543,0.1878628660065406,0.9324853228962818,0.2564102564102564,0.2,0.2247191011235955,10,29,943,40,0.1274879109696485,0.0033521130098961,2025-10-22T02:54:00
diabetic,XGBoost,0.6890244720336797,0.5079811803705504,0.6339785791490616,0.4825110267719766,0.6616964411309607,0.5580733183058488,4704,5045,8200,2405,0.3474439060082659,0.0092211930314078,2025-10-22T02:54:10
diabetic,CatBoost,0.6953867621692545,0.5169974016591825,0.6326520585634273,0.4817351598173516,0.6826557884371923,0.5648606180527266,4853,5221,8024,2256,1.3718346109963022,0.0027497520204633,2025-10-22T02:54:21
diabetic,LightGBM,0.6905655085209593,0.5094971488301012,0.632995971307851,0.4816210161897973,0.665353776902518,0.5587714116952156,4730,5091,8154,2379,0.3727689659572206,0.039587891951669,2025-10-22T02:54:31
credit_card_transactions,XGBoost,0.9832478152165384,0.6124044449724481,0.9667881311816762,0.1357303831182134,0.882744836775483,0.2352836722010121,1325,8437,249397,176,5.027327573974617,0.124132297001779,2025-10-22T02:54:49
credit_card_transactions,CatBoost,0.9753587821202035,0.4680175255775636,0.9402780187787996,0.0799447414259114,0.8867421718854097,0.1466666666666666,1331,15318,242516,170,15.67383087001508,0.0175490470137447,2025-10-22T02:55:22
credit_card_transactions,LightGBM,0.8773548435331067,0.0388413350450283,0.8917461970038753,0.0436858192808325,0.8474350433044637,0.0830883793846756,1272,27845,229989,229,3.980856620997656,0.693128933024127,2025-10-22T02:55:59
UNSW_NB15_merged,XGBoost,0.9887098512710764,0.9937818305546764,0.937945085863976,0.951586940015186,0.9512980112342492,0.9514424536896448,31331,1594,17006,1604,1.9186419899924656,0.035953864979092,2025-10-22T02:56:17
UNSW_NB15_merged,CatBoost,0.9880706091013416,0.9933894729239616,0.9352478897836422,0.947992976932857,0.9508425686959162,0.9494156346162592,31316,1718,16882,1619,3.659961385012138,0.0073039510170929,2025-10-22T02:56:32
UNSW_NB15_merged,LightGBM,0.9887534145947297,0.9937864499295572,0.936877850004851,0.950820170109356,0.9503871261575833,0.9506035988155797,31301,1619,16981,1634,2.1852560830302536,0.1183926849626004,2025-10-22T02:56:48
healthcare-dataset-stroke,XGBoost,0.8148971193415638,0.1752013345917606,0.9324853228962818,0.1935483870967742,0.12,0.1481481481481481,6,25,947,44,0.1704336340189911,0.0016193409683182,2025-10-22T02:57:00
healthcare-dataset-stroke,CatBoost,0.7879835390946502,0.1511850896112488,0.9168297455968688,0.2131147540983606,0.26,0.2342342342342342,13,48,924,37,0.4507438579457812,0.0008232959662564,2025-10-22T02:57:10
healthcare-dataset-stroke,LightGBM,0.8076543209876543,0.1878628660065406,0.9324853228962818,0.2564102564102564,0.2,0.2247191011235955,10,29,943,40,0.1388481369940564,0.0040986100211739,2025-10-22T02:57:19
diabetic,XGBoost,0.6890244720336797,0.5079811803705504,0.6339785791490616,0.4825110267719766,0.6616964411309607,0.5580733183058488,4704,5045,8200,2405,0.3312545720255002,0.0106181459850631,2025-10-22T02:57:29
diabetic,CatBoost,0.6953867621692545,0.5169974016591825,0.6326520585634273,0.4817351598173516,0.6826557884371923,0.5648606180527266,4853,5221,8024,2256,1.350770749966614,0.0031010200036689,2025-10-22T02:57:40
diabetic,LightGBM,0.6905655085209593,0.5094971488301012,0.632995971307851,0.4816210161897973,0.665353776902518,0.5587714116952156,4730,5091,8154,2379,0.3783791590249166,0.0563755049952305,2025-10-22T02:57:51
credit_card_transactions,XGBoost,0.9832478152165384,0.6124044449724481,0.9667881311816762,0.1357303831182134,0.882744836775483,0.2352836722010121,1325,8437,249397,176,5.037473289004993,0.1135572809725999,2025-10-22T02:58:08
credit_card_transactions,CatBoost,0.9753587821202035,0.4680175255775636,0.9402780187787996,0.0799447414259114,0.8867421718854097,0.1466666666666666,1331,15318,242516,170,15.541952220955864,0.0177408860181458,2025-10-22T02:58:41
credit_card_transactions,LightGBM,0.8773548435331067,0.0388413350450283,0.8917461970038753,0.0436858192808325,0.8474350433044637,0.0830883793846756,1272,27845,229989,229,3.830225252022501,0.6914400479872711,2025-10-22T02:59:18
UNSW_NB15_merged,XGBoost,0.9887098512710764,0.9937818305546764,0.937945085863976,0.951586940015186,0.9512980112342492,0.9514424536896448,31331,1594,17006,1604,1.6534433949855156,0.0354714230052195,2025-10-22T02:59:35
UNSW_NB15_merged,CatBoost,0.9880706091013416,0.9933894729239616,0.9352478897836422,0.947992976932857,0.9508425686959162,0.9494156346162592,31316,1718,16882,1619,3.687525846995413,0.0065627130097709,2025-10-22T02:59:51
UNSW_NB15_merged,LightGBM,0.9887534145947297,0.9937864499295572,0.936877850004851,0.950820170109356,0.9503871261575833,0.9506035988155797,31301,1619,16981,1634,2.212035028031096,0.1209087230381555,2025-10-22T03:00:07
healthcare-dataset-stroke,XGBoost,0.8148971193415638,0.1752013345917606,0.9324853228962818,0.1935483870967742,0.12,0.1481481481481481,6,25,947,44,0.1639024029718712,0.0015375670045614,2025-10-22T03:00:18
healthcare-dataset-stroke,CatBoost,0.7879835390946502,0.1511850896112488,0.9168297455968688,0.2131147540983606,0.26,0.2342342342342342,13,48,924,37,0.4446285649901256,0.0007480530184693,2025-10-22T03:00:28
healthcare-dataset-stroke,LightGBM,0.8076543209876543,0.1878628660065406,0.9324853228962818,0.2564102564102564,0.2,0.2247191011235955,10,29,943,40,0.1282663109595887,0.0032133879722096,2025-10-22T03:00:38
diabetic,XGBoost,0.6890244720336797,0.5079811803705504,0.6339785791490616,0.4825110267719766,0.6616964411309607,0.5580733183058488,4704,5045,8200,2405,0.3405189769691787,0.010486906976439,2025-10-22T03:00:48
diabetic,CatBoost,0.6953867621692545,0.5169974016591825,0.6326520585634273,0.4817351598173516,0.6826557884371923,0.5648606180527266,4853,5221,8024,2256,1.3495462239952758,0.0027595139690674,2025-10-22T03:00:58
diabetic,LightGBM,0.6905655085209593,0.5094971488301012,0.632995971307851,0.4816210161897973,0.665353776902518,0.5587714116952156,4730,5091,8154,2379,0.3809763900353573,0.0406771160196512,2025-10-22T03:01:09
credit_card_transactions,XGBoost,0.9832478152165384,0.6124044449724481,0.9667881311816762,0.1357303831182134,0.882744836775483,0.2352836722010121,1325,8437,249397,176,4.986564849037677,0.1136665130034089,2025-10-22T03:01:27
credit_card_transactions,CatBoost,0.9753587821202035,0.4680175255775636,0.9402780187787996,0.0799447414259114,0.8867421718854097,0.1466666666666666,1331,15318,242516,170,15.643073220970107,0.0193245589616708,2025-10-22T03:02:00
credit_card_transactions,LightGBM,0.8773548435331067,0.0388413350450283,0.8917461970038753,0.0436858192808325,0.8474350433044637,0.0830883793846756,1272,27845,229989,229,4.035028674989007,0.7092273979797028,2025-10-22T03:02:37
UNSW_NB15_merged,XGBoost,0.9887098512710764,0.9937818305546764,0.937945085863976,0.951586940015186,0.9512980112342492,0.9514424536896448,31331,1594,17006,1604,1.6054626349941827,0.0356536349863745,2025-10-22T03:02:55
UNSW_NB15_merged,CatBoost,0.9880706091013416,0.9933894729239616,0.9352478897836422,0.947992976932857,0.9508425686959162,0.9494156346162592,31316,1718,16882,1619,3.6486939400201663,0.0075169310439378,2025-10-22T03:03:10
UNSW_NB15_merged,LightGBM,0.9887534145947297,0.9937864499295572,0.936877850004851,0.950820170109356,0.9503871261575833,0.9506035988155797,31301,1619,16981,1634,2.1218386499676853,0.1201780160190537,2025-10-22T03:03:26
healthcare-dataset-stroke,XGBoost,0.8148971193415638,0.1752013345917606,0.9324853228962818,0.1935483870967742,0.12,0.1481481481481481,6,25,947,44,0.1745875980122946,0.00153622898506,2025-10-22T03:03:37
healthcare-dataset-stroke,CatBoost,0.7879835390946502,0.1511850896112488,0.9168297455968688,0.2131147540983606,0.26,0.2342342342342342,13,48,924,37,0.4414938439731486,0.0007457949686795,2025-10-22T03:03:47
healthcare-dataset-stroke,LightGBM,0.8076543209876543,0.1878628660065406,0.9324853228962818,0.2564102564102564,0.2,0.2247191011235955,10,29,943,40,0.1259825089946389,0.0037397880223579,2025-10-22T03:03:57
diabetic,XGBoost,0.6890244720336797,0.5079811803705504,0.6339785791490616,0.4825110267719766,0.6616964411309607,0.5580733183058488,4704,5045,8200,2405,0.3307541829999536,0.011965429992415,2025-10-22T03:04:07
diabetic,CatBoost,0.6953867621692545,0.5169974016591825,0.6326520585634273,0.4817351598173516,0.6826557884371923,0.5648606180527266,4853,5221,8024,2256,1.3502300250111148,0.0032498220098204,2025-10-22T03:04:17
diabetic,LightGBM,0.6905655085209593,0.5094971488301012,0.632995971307851,0.4816210161897973,0.665353776902518,0.5587714116952156,4730,5091,8154,2379,0.3883263970492407,0.0438370410120114,2025-10-22T03:04:28
credit_card_transactions,XGBoost,0.9832478152165384,0.6124044449724481,0.9667881311816762,0.1357303831182134,0.882744836775483,0.2352836722010121,1325,8437,249397,176,5.039800500031561,0.1113542579696513,2025-10-22T03:04:46
credit_card_transactions,CatBoost,0.9753587821202035,0.4680175255775636,0.9402780187787996,0.0799447414259114,0.8867421718854097,0.1466666666666666,1331,15318,242516,170,15.586973687983118,0.0178311979980207,2025-10-22T03:05:19
credit_card_transactions,LightGBM,0.8773548435331067,0.0388413350450283,0.8917461970038753,0.0436858192808325,0.8474350433044637,0.0830883793846756,1272,27845,229989,229,4.350826637994032,0.7252746199956164,2025-10-22T03:05:57
UNSW_NB15_merged,XGBoost,0.9887098512710764,0.9937818305546764,0.937945085863976,0.951586940015186,0.9512980112342492,0.9514424536896448,31331,1594,17006,1604,1.5791924990480766,0.04113721603062,2025-10-22T03:06:14
UNSW_NB15_merged,CatBoost,0.9880706091013416,0.9933894729239616,0.9352478897836422,0.947992976932857,0.9508425686959162,0.9494156346162592,31316,1718,16882,1619,3.6507695809705183,0.0066768910037353,2025-10-22T03:06:29
UNSW_NB15_merged,LightGBM,0.9887534145947297,0.9937864499295572,0.936877850004851,0.950820170109356,0.9503871261575833,0.9506035988155797,31301,1619,16981,1634,2.168785359011963,0.1229235180071555,2025-10-22T03:06:46
healthcare-dataset-stroke,XGBoost,0.8148971193415638,0.1752013345917606,0.9324853228962818,0.1935483870967742,0.12,0.1481481481481481,6,25,947,44,0.1718564229668118,0.0018817950040102,2025-10-22T03:06:57
healthcare-dataset-stroke,CatBoost,0.7879835390946502,0.1511850896112488,0.9168297455968688,0.2131147540983606,0.26,0.2342342342342342,13,48,924,37,0.4493398129707202,0.0008367469999939,2025-10-22T03:07:07
healthcare-dataset-stroke,LightGBM,0.8076543209876543,0.1878628660065406,0.9324853228962818,0.2564102564102564,0.2,0.2247191011235955,10,29,943,40,0.1251033939770423,0.003617982962168753,2025-10-22T03:07:16
